signature,timestamp,from_address,to_address,amount,token_mint,fee,success
4eN9q6hqQgjYJRsUTz5tAJjKNJdcvpaFKzgsnrYqcZVV5miDFT79bWyLFj9vSbuwz9nfcAG1iJMKaYvQ1619EN2Q,2025-12-31T22:47:10,9sDYMLXEFeQdo4DjUtvHAkJjzEoxzbGS81YpEyZNVgsW,5yuR6BpCGJURzkgg2viVyVXB6sV2Ja6GNgSZCfukBL74,0.44,So11111111111111111111111111111111111111112,10100,True
4eN9q6hqQgjYJRsUTz5tAJjKNJdcvpaFKzgsnrYqcZVV5miDFT79bWyLFj9vSbuwz9nfcAG1iJMKaYvQ1619EN2Q,2025-12-31T22:47:10,5yuR6BpCGJURzkgg2viVyVXB6sV2Ja6GNgSZCfukBL74,9sDYMLXEFeQdo4DjUtvHAkJjzEoxzbGS81YpEyZNVgsW,4209670.573044,9REaxMHDXZTGQFDQ2rESwk9AXmhtEfUQoEAZtRsvTstz,10100,True
4eN9q6hqQgjYJRsUTz5tAJjKNJdcvpaFKzgsnrYqcZVV5miDFT79bWyLFj9vSbuwz9nfcAG1iJMKaYvQ1619EN2Q,2025-12-31T22:47:10,5yuR6BpCGJURzkgg2viVyVXB6sV2Ja6GNgSZCfukBL74,7VtfL8fvgNfhz17qKRMjzQEXgbdpnHHHQRh54R9jP2RJ,2111.168793,9REaxMHDXZTGQFDQ2rESwk9AXmhtEfUQoEAZtRsvTstz,10100,True
5uScn8FDas1oCDejjif81zRPbBterAqnHKvbwi7HgmozVj2rx7BTheEJLk8QXB6FPBNpQSpEtuVn1Jfu8ordB5cS,2025-12-31T22:47:10,3TBYEBrX3ymd9LTyEWXBG8zR2nGvLc8w9EKZ4YMbbrod,HLnpSz9h2S4hiLQ43rnSD9XkcUThA7B8hQMKmDaiTLcC,0.07031,So11111111111111111111111111111111111111112,11700,True
5uScn8FDas1oCDejjif81zRPbBterAqnHKvbwi7HgmozVj2rx7BTheEJLk8QXB6FPBNpQSpEtuVn1Jfu8ordB5cS,2025-12-31T22:47:10,HLnpSz9h2S4hiLQ43rnSD9XkcUThA7B8hQMKmDaiTLcC,3TBYEBrX3ymd9LTyEWXBG8zR2nGvLc8w9EKZ4YMbbrod,59938.808952,HFg1w4v43fGwqPAcBRw3uMQqxKLLdr6TG2FYu8LMyXxJ,11700,True
5uScn8FDas1oCDejjif81zRPbBterAqnHKvbwi7HgmozVj2rx7BTheEJLk8QXB6FPBNpQSpEtuVn1Jfu8ordB5cS,2025-12-31T22:47:10,8eHfDCCe6Wi3E6XxDquEtXTQata1UQmVp7swMcRHYnbc,HLnpSz9h2S4hiLQ43rnSD9XkcUThA7B8hQMKmDaiTLcC,0.042114,So11111111111111111111111111111111111111112,11700,True
5uScn8FDas1oCDejjif81zRPbBterAqnHKvbwi7HgmozVj2rx7BTheEJLk8QXB6FPBNpQSpEtuVn1Jfu8ordB5cS,2025-12-31T22:47:10,HLnpSz9h2S4hiLQ43rnSD9XkcUThA7B8hQMKmDaiTLcC,8eHfDCCe6Wi3E6XxDquEtXTQata1UQmVp7swMcRHYnbc,35896.079114,HFg1w4v43fGwqPAcBRw3uMQqxKLLdr6TG2FYu8LMyXxJ,11700,True
5PGVrjjn1MG8eMMPTwxPDtNvvvLyhpqK3QCeTtDQDewH1r3e1v32xmgrMujk9zEFA2ARJtv51AAtkXAkkhyVJE6n,2025-12-31T22:47:10,CN5FK36RUaYZo137iqTxJQFL2iwukH2evTWbKNmNoiPd,3KFN45igGN2vJ86UTgB4RMJt3A68PHzuvLA6qQ3i7dQ5,0.010089057,So11111111111111111111111111111111111111112,255000,True
5PGVrjjn1MG8eMMPTwxPDtNvvvLyhpqK3QCeTtDQDewH1r3e1v32xmgrMujk9zEFA2ARJtv51AAtkXAkkhyVJE6n,2025-12-31T22:47:10,CN5FK36RUaYZo137iqTxJQFL2iwukH2evTWbKNmNoiPd,GesfTA3X2arioaHp8bbKdjG9vJtskViWACZoYvxp4twS,5.035e-06,So11111111111111111111111111111111111111112,255000,True
5PGVrjjn1MG8eMMPTwxPDtNvvvLyhpqK3QCeTtDQDewH1r3e1v32xmgrMujk9zEFA2ARJtv51AAtkXAkkhyVJE6n,2025-12-31T22:47:10,CN5FK36RUaYZo137iqTxJQFL2iwukH2evTWbKNmNoiPd,41HyF8K7q21ThGCXEWK2CgRviXf84WjS1X45t1yNjhWB,7.5517e-05,So11111111111111111111111111111111111111112,255000,True
5PGVrjjn1MG8eMMPTwxPDtNvvvLyhpqK3QCeTtDQDewH1r3e1v32xmgrMujk9zEFA2ARJtv51AAtkXAkkhyVJE6n,2025-12-31T22:47:10,3KFN45igGN2vJ86UTgB4RMJt3A68PHzuvLA6qQ3i7dQ5,CN5FK36RUaYZo137iqTxJQFL2iwukH2evTWbKNmNoiPd,1253.834008,DVr62PSjVCrEwmWVRdKQABqJumb1jmJGKa8BkUG6pump,255000,True
5gfaznAKz6RMZxu6DrzWpRv4hz4H35LerDDoHa3wtVsEkZAsiAymZmmMPkVm4Wo1jkez5MHKdknmatSWAyxEsJmp,2025-12-31T22:47:10,3CYowKZG7AjuhMY14JR5MePEsQXPF8XuxTZMc71Nbpz6,DXNUUSC5AGKwJSfXNTX2PTuQbf3XbPyRhPw7ajzA5Arg,3872968.064603,HjCCDmvPSGmrfYJDNkwkKFBrBgiGGbWxsbyZzEjSiTTX,6700,True
5gfaznAKz6RMZxu6DrzWpRv4hz4H35LerDDoHa3wtVsEkZAsiAymZmmMPkVm4Wo1jkez5MHKdknmatSWAyxEsJmp,2025-12-31T22:47:10,DXNUUSC5AGKwJSfXNTX2PTuQbf3XbPyRhPw7ajzA5Arg,3CYowKZG7AjuhMY14JR5MePEsQXPF8XuxTZMc71Nbpz6,8.54103433,So11111111111111111111111111111111111111112,6700,True
5AfzEbJXUK1dgU3v9RpdaAHRD8vbu4Qb1qzExaovSot2cdMX1G57kidYU2XyahDcAVDQM3YEcWaTxJEMgggFqmbk,2025-12-31T22:47:10,STorreSu8X6yPLmiEScNHSGDinqV7j84hWjmvH9SPwk,AicgoNFHTAQWcPbANWDLeCGpCVe5NEMLGTrHQxzPELzE,0.400256664,So11111111111111111111111111111111111111112,405000,True
5AfzEbJXUK1dgU3v9RpdaAHRD8vbu4Qb1qzExaovSot2cdMX1G57kidYU2XyahDcAVDQM3YEcWaTxJEMgggFqmbk,2025-12-31T22:47:10,STorreSu8X6yPLmiEScNHSGDinqV7j84hWjmvH9SPwk,62qc2CNXwrYqQScmEdiZFFAnJR262PxWEuNQtxfafNgV,0.003721643,So11111111111111111111111111111111111111112,405000,True
5AfzEbJXUK1dgU3v9RpdaAHRD8vbu4Qb1qzExaovSot2cdMX1G57kidYU2XyahDcAVDQM3YEcWaTxJEMgggFqmbk,2025-12-31T22:47:10,STorreSu8X6yPLmiEScNHSGDinqV7j84hWjmvH9SPwk,ahdLTV4zgpKTzhssg36hwHmzPCwXuPGkzrzUXs5Cbep,0.00120053,So11111111111111111111111111111111111111112,405000,True
5AfzEbJXUK1dgU3v9RpdaAHRD8vbu4Qb1qzExaovSot2cdMX1G57kidYU2XyahDcAVDQM3YEcWaTxJEMgggFqmbk,2025-12-31T22:47:10,AicgoNFHTAQWcPbANWDLeCGpCVe5NEMLGTrHQxzPELzE,STorreSu8X6yPLmiEScNHSGDinqV7j84hWjmvH9SPwk,2685640.160212,5oiaqCYBi8oPFdnVsP5BRC1bZRnpTzY4zjnG1kqTpump,405000,True
SSUMoFonYj6sAgLtuA1YTdHvFPgaEAFWsTDNyn1BaDCDLXCt6xCC3mVnKQ2sxhXvfMrxpCsmZm9Y88wQDseSCeV,2025-12-31T22:47:10,EEsRTvStmvQCtRfxHjMvPs42iMwBMQFBV7tkxoHC7yzH,HLnpSz9h2S4hiLQ43rnSD9XkcUThA7B8hQMKmDaiTLcC,3.281844891,So11111111111111111111111111111111111111112,11700,True
SSUMoFonYj6sAgLtuA1YTdHvFPgaEAFWsTDNyn1BaDCDLXCt6xCC3mVnKQ2sxhXvfMrxpCsmZm9Y88wQDseSCeV,2025-12-31T22:47:10,HLnpSz9h2S4hiLQ43rnSD9XkcUThA7B8hQMKmDaiTLcC,EEsRTvStmvQCtRfxHjMvPs42iMwBMQFBV7tkxoHC7yzH,2888420.47711,HKGHFr7EQnWWLX2XX9iPwYyz3mPaNvpsoaiv246wsj3G,11700,True
SSUMoFonYj6sAgLtuA1YTdHvFPgaEAFWsTDNyn1BaDCDLXCt6xCC3mVnKQ2sxhXvfMrxpCsmZm9Y88wQDseSCeV,2025-12-31T22:47:10,FgZ1YnaK55F2jpjRvVgs7KdYrJ8D2Ssm6zggLLRBhbfV,HLnpSz9h2S4hiLQ43rnSD9XkcUThA7B8hQMKmDaiTLcC,2824808.088268,HKGHFr7EQnWWLX2XX9iPwYyz3mPaNvpsoaiv246wsj3G,11700,True
SSUMoFonYj6sAgLtuA1YTdHvFPgaEAFWsTDNyn1BaDCDLXCt6xCC3mVnKQ2sxhXvfMrxpCsmZm9Y88wQDseSCeV,2025-12-31T22:47:10,HLnpSz9h2S4hiLQ43rnSD9XkcUThA7B8hQMKmDaiTLcC,FgZ1YnaK55F2jpjRvVgs7KdYrJ8D2Ssm6zggLLRBhbfV,3.194162456,So11111111111111111111111111111111111111112,11700,True
5gB2rcsRWU6jfsUYtq5X5A7e7K2F8NdoRQd9zhwqFrFsTkdD9X61wFMA21SNuATWE1MrViZ5L4t1ALEYfZiAqTHF,2025-12-31T22:47:10,FksffEqnBRixYGR791Qw2MgdU7zNCpHVFYBL4Fa4qVuH,9TXFVx8N9dPneS3ETRt8KWtUXLRUsz6j6JM3bEXqkR3Z,139.863699,EPjFWdd5AufqSSqeM2qN1xzybapC8G4wEGGkZwyTDt1v,5009,True
5gB2rcsRWU6jfsUYtq5X5A7e7K2F8NdoRQd9zhwqFrFsTkdD9X61wFMA21SNuATWE1MrViZ5L4t1ALEYfZiAqTHF,2025-12-31T22:47:10,9TXFVx8N9dPneS3ETRt8KWtUXLRUsz6j6JM3bEXqkR3Z,FksffEqnBRixYGR791Qw2MgdU7zNCpHVFYBL4Fa4qVuH,1.120266391,So11111111111111111111111111111111111111112,5009,True
5gB2rcsRWU6jfsUYtq5X5A7e7K2F8NdoRQd9zhwqFrFsTkdD9X61wFMA21SNuATWE1MrViZ5L4t1ALEYfZiAqTHF,2025-12-31T22:47:10,9TXFVx8N9dPneS3ETRt8KWtUXLRUsz6j6JM3bEXqkR3Z,FkEB6uvyzuoaGpgs4yRtFtxC4WJxhejNFbUkj5R6wR32,139.863699,EPjFWdd5AufqSSqeM2qN1xzybapC8G4wEGGkZwyTDt1v,5009,True
5gB2rcsRWU6jfsUYtq5X5A7e7K2F8NdoRQd9zhwqFrFsTkdD9X61wFMA21SNuATWE1MrViZ5L4t1ALEYfZiAqTHF,2025-12-31T22:47:10,FkEB6uvyzuoaGpgs4yRtFtxC4WJxhejNFbUkj5R6wR32,9TXFVx8N9dPneS3ETRt8KWtUXLRUsz6j6JM3bEXqkR3Z,140.0211,Es9vMFrzaCERmJfrF4H2FYD4KCoNkY11McCe8BenwNYB,5009,True
5gB2rcsRWU6jfsUYtq5X5A7e7K2F8NdoRQd9zhwqFrFsTkdD9X61wFMA21SNuATWE1MrViZ5L4t1ALEYfZiAqTHF,2025-12-31T22:47:10,9TXFVx8N9dPneS3ETRt8KWtUXLRUsz6j6JM3bEXqkR3Z,22HUWiJaTNph96KQTKZVy2wg8KzfCems5nyW7E5H5J6w,140.0211,Es9vMFrzaCERmJfrF4H2FYD4KCoNkY11McCe8BenwNYB,5009,True
5gB2rcsRWU6jfsUYtq5X5A7e7K2F8NdoRQd9zhwqFrFsTkdD9X61wFMA21SNuATWE1MrViZ5L4t1ALEYfZiAqTHF,2025-12-31T22:47:10,22HUWiJaTNph96KQTKZVy2wg8KzfCems5nyW7E5H5J6w,9TXFVx8N9dPneS3ETRt8KWtUXLRUsz6j6JM3bEXqkR3Z,1.120274925,So11111111111111111111111111111111111111112,5009,True
TbxFN4naqvVLchq47nzvMANMHxrvfAivSoeZfFgevekt3Ag9J2eggdfoNMG7z5vXVUikhvNvHD7yFUPuCggdsNG,2025-12-31T22:47:10,HMeuU13F6nqoEvZM2paADYvGEdgTo6wHeCTEhrVUk767,HLnpSz9h2S4hiLQ43rnSD9XkcUThA7B8hQMKmDaiTLcC,0.075699,So11111111111111111111111111111111111111112,11700,True
TbxFN4naqvVLchq47nzvMANMHxrvfAivSoeZfFgevekt3Ag9J2eggdfoNMG7z5vXVUikhvNvHD7yFUPuCggdsNG,2025-12-31T22:47:10,HLnpSz9h2S4hiLQ43rnSD9XkcUThA7B8hQMKmDaiTLcC,HMeuU13F6nqoEvZM2paADYvGEdgTo6wHeCTEhrVUk767,64511.449816,HFg1w4v43fGwqPAcBRw3uMQqxKLLdr6TG2FYu8LMyXxJ,11700,True
TbxFN4naqvVLchq47nzvMANMHxrvfAivSoeZfFgevekt3Ag9J2eggdfoNMG7z5vXVUikhvNvHD7yFUPuCggdsNG,2025-12-31T22:47:10,5kWWknAZM7U1erhGb7ocP4KLubErXhS5Dx3hXmky9xCT,HLnpSz9h2S4hiLQ43rnSD9XkcUThA7B8hQMKmDaiTLcC,0.047265,So11111111111111111111111111111111111111112,11700,True
TbxFN4naqvVLchq47nzvMANMHxrvfAivSoeZfFgevekt3Ag9J2eggdfoNMG7z5vXVUikhvNvHD7yFUPuCggdsNG,2025-12-31T22:47:10,HLnpSz9h2S4hiLQ43rnSD9XkcUThA7B8hQMKmDaiTLcC,5kWWknAZM7U1erhGb7ocP4KLubErXhS5Dx3hXmky9xCT,40272.559942,HFg1w4v43fGwqPAcBRw3uMQqxKLLdr6TG2FYu8LMyXxJ,11700,True
hJ73DMmeXSXyhQip5qtEYc3ecaDumWLSMUeBHZZFxKnKKLPQv2dsWSZeHD3yMETWeqXgEc8bTMCZnqvySA4bhqc,2025-12-31T22:47:10,5KqohoeGjTjyHAFJJywK4J7fkFuK82PfMyuseGgLKZu2,9TXFVx8N9dPneS3ETRt8KWtUXLRUsz6j6JM3bEXqkR3Z,1.245025452,So11111111111111111111111111111111111111112,5013,True
hJ73DMmeXSXyhQip5qtEYc3ecaDumWLSMUeBHZZFxKnKKLPQv2dsWSZeHD3yMETWeqXgEc8bTMCZnqvySA4bhqc,2025-12-31T22:47:10,9TXFVx8N9dPneS3ETRt8KWtUXLRUsz6j6JM3bEXqkR3Z,F2KCaXcp7AoQtxTDvNEDCyMyWjSCAMWNzcyN9dsPfPs5,155.431084,EPjFWdd5AufqSSqeM2qN1xzybapC8G4wEGGkZwyTDt1v,5013,True
hJ73DMmeXSXyhQip5qtEYc3ecaDumWLSMUeBHZZFxKnKKLPQv2dsWSZeHD3yMETWeqXgEc8bTMCZnqvySA4bhqc,2025-12-31T22:47:10,FksffEqnBRixYGR791Qw2MgdU7zNCpHVFYBL4Fa4qVuH,9TXFVx8N9dPneS3ETRt8KWtUXLRUsz6j6JM3bEXqkR3Z,155.439692,EPjFWdd5AufqSSqeM2qN1xzybapC8G4wEGGkZwyTDt1v,5013,True
hJ73DMmeXSXyhQip5qtEYc3ecaDumWLSMUeBHZZFxKnKKLPQv2dsWSZeHD3yMETWeqXgEc8bTMCZnqvySA4bhqc,2025-12-31T22:47:10,9TXFVx8N9dPneS3ETRt8KWtUXLRUsz6j6JM3bEXqkR3Z,FksffEqnBRixYGR791Qw2MgdU7zNCpHVFYBL4Fa4qVuH,1.245025452,So11111111111111111111111111111111111111112,5013,True
hJ73DMmeXSXyhQip5qtEYc3ecaDumWLSMUeBHZZFxKnKKLPQv2dsWSZeHD3yMETWeqXgEc8bTMCZnqvySA4bhqc,2025-12-31T22:47:10,CsRTqU5ayapHqDn11Fkw5ZWY3kuisDf1zN1UrLEB9F7Z,9TXFVx8N9dPneS3ETRt8KWtUXLRUsz6j6JM3bEXqkR3Z,155.421404,2b1kV6DkPAnxd5ixfnxCpjxmKwqjjaYmCZfHsFu24GXo,5013,True
hJ73DMmeXSXyhQip5qtEYc3ecaDumWLSMUeBHZZFxKnKKLPQv2dsWSZeHD3yMETWeqXgEc8bTMCZnqvySA4bhqc,2025-12-31T22:47:10,9TXFVx8N9dPneS3ETRt8KWtUXLRUsz6j6JM3bEXqkR3Z,7imnGYfCovXjMWKdbQvETFVMe72MQDX4S5zW4GFxMJME,155.421404,2b1kV6DkPAnxd5ixfnxCpjxmKwqjjaYmCZfHsFu24GXo,5013,True
hJ73DMmeXSXyhQip5qtEYc3ecaDumWLSMUeBHZZFxKnKKLPQv2dsWSZeHD3yMETWeqXgEc8bTMCZnqvySA4bhqc,2025-12-31T22:47:10,7imnGYfCovXjMWKdbQvETFVMe72MQDX4S5zW4GFxMJME,8UgoPZAR8ZLoEmV6pJ8SZ6JKESP2X8nbnrZSdSgNtg1y,0.000932,2u1tszSeqZ3qBWF3uNGPFc8TzMk2tdiwknnRMWGWjGWH,5013,True
hJ73DMmeXSXyhQip5qtEYc3ecaDumWLSMUeBHZZFxKnKKLPQv2dsWSZeHD3yMETWeqXgEc8bTMCZnqvySA4bhqc,2025-12-31T22:47:10,7imnGYfCovXjMWKdbQvETFVMe72MQDX4S5zW4GFxMJME,9TXFVx8N9dPneS3ETRt8KWtUXLRUsz6j6JM3bEXqkR3Z,155.420942,2u1tszSeqZ3qBWF3uNGPFc8TzMk2tdiwknnRMWGWjGWH,5013,True
hJ73DMmeXSXyhQip5qtEYc3ecaDumWLSMUeBHZZFxKnKKLPQv2dsWSZeHD3yMETWeqXgEc8bTMCZnqvySA4bhqc,2025-12-31T22:47:10,9TXFVx8N9dPneS3ETRt8KWtUXLRUsz6j6JM3bEXqkR3Z,5KqohoeGjTjyHAFJJywK4J7fkFuK82PfMyuseGgLKZu2,155.420942,2u1tszSeqZ3qBWF3uNGPFc8TzMk2tdiwknnRMWGWjGWH,5013,True
2RRaAPXJybp7nELRtjtsqNBj4wfwdgbtKXSxVKJRhg7ChqUkQQccBRFsYeLGPVWbwGmNrhPhZc5q3GL9nJ54Paiw,2025-12-31T22:47:10,CcmYoQV4yy24LiSSRXXTrFz23MDnKiL16N7mcqnRqrVt,FhVo3mqL8PW5pH5U2CN4XE33DokiyZnUwuGpH2hmHLuM,0.029477221,So11111111111111111111111111111111111111112,8600,True
2RRaAPXJybp7nELRtjtsqNBj4wfwdgbtKXSxVKJRhg7ChqUkQQccBRFsYeLGPVWbwGmNrhPhZc5q3GL9nJ54Paiw,2025-12-31T22:47:10,FhVo3mqL8PW5pH5U2CN4XE33DokiyZnUwuGpH2hmHLuM,CcmYoQV4yy24LiSSRXXTrFz23MDnKiL16N7mcqnRqrVt,5145.960094,ARTdTEa7JG5AzpudDPzpLif5uAzs4adPLPSYtvn3UzjC,8600,True
3abPaeE165W1Q9v2Qd346j4uFB4bCLRpovwq2143jG4dBpyFb7ypRd2PQD4su7RQ6CozYxFqZFYkeLSRRZxKi8mq,2025-12-31T22:47:10,67WixLzCDhDahGryRWFxWfkVjbnPJG3tUa6BTQgin9Pe,3kMpt93yw4WFXMd7cy9gCh7QhZ1AiSBkdbwdnEj2Wzhe,4613979.166262,DTdDRVjomj5e6MGdE74U4TiUXvWpwqDKfYLKhBYcVsPg,6700,True
3abPaeE165W1Q9v2Qd346j4uFB4bCLRpovwq2143jG4dBpyFb7ypRd2PQD4su7RQ6CozYxFqZFYkeLSRRZxKi8mq,2025-12-31T22:47:10,3kMpt93yw4WFXMd7cy9gCh7QhZ1AiSBkdbwdnEj2Wzhe,67WixLzCDhDahGryRWFxWfkVjbnPJG3tUa6BTQgin9Pe,8.323656558,So11111111111111111111111111111111111111112,6700,True
2fsTTaguJyjggW66VwuY1NpFMchvaL6AwUk5dVD3btsCYxgCp3PfbDjbWkacMvHbP2pdZoB551szGjvWKJ36Lyno,2025-12-31T22:47:10,CfX8egvKojogG9oMudvaG278ibas5wBkV23G6Fiwqnkx,26M5M3nwgaKE4zavkD3zEtYs5hJWdxe6xBwpdtsLHy1o,0.049405275,So11111111111111111111111111111111111111112,63080,True
2fsTTaguJyjggW66VwuY1NpFMchvaL6AwUk5dVD3btsCYxgCp3PfbDjbWkacMvHbP2pdZoB551szGjvWKJ36Lyno,2025-12-31T22:47:10,CfX8egvKojogG9oMudvaG278ibas5wBkV23G6Fiwqnkx,G5UZAVbAf46s7cKWoyKu8kYTip9DGTpbLZ2qa9Aq69dP,2.4654e-05,So11111111111111111111111111111111111111112,63080,True
2fsTTaguJyjggW66VwuY1NpFMchvaL6AwUk5dVD3btsCYxgCp3PfbDjbWkacMvHbP2pdZoB551szGjvWKJ36Lyno,2025-12-31T22:47:10,CfX8egvKojogG9oMudvaG278ibas5wBkV23G6Fiwqnkx,GkXNerHfiAKR7pHU6DFiUVK8SiJSUs34UKztfNW1surL,0.000394454,So11111111111111111111111111111111111111112,63080,True
2fsTTaguJyjggW66VwuY1NpFMchvaL6AwUk5dVD3btsCYxgCp3PfbDjbWkacMvHbP2pdZoB551szGjvWKJ36Lyno,2025-12-31T22:47:10,26M5M3nwgaKE4zavkD3zEtYs5hJWdxe6xBwpdtsLHy1o,CfX8egvKojogG9oMudvaG278ibas5wBkV23G6Fiwqnkx,12370.4425,6wCYEZEBFQC7CHndo7p7KejyM4oGgi5E1Ya1e9eQpump,63080,True
3XVCvQ4kbn7BDydW2dez23qwUTLnYnNQLbjUhyxMrV6fHAP9RcjnrsrMFWyHjogvEBipNyBsrhXQ8n9Ncjjf42Wx,2025-12-31T22:47:10,GraZ9wjJVEGMQsyz3BwkkRdkJFmDrZw6Bnj3yzciwFEC,6U91aKa8pmMxkJwBCfPTmUEfZi6dHe7DcFq2ALvB2tbB,81.105,EPjFWdd5AufqSSqeM2qN1xzybapC8G4wEGGkZwyTDt1v,5000,True
3XVCvQ4kbn7BDydW2dez23qwUTLnYnNQLbjUhyxMrV6fHAP9RcjnrsrMFWyHjogvEBipNyBsrhXQ8n9Ncjjf42Wx,2025-12-31T22:47:10,6U91aKa8pmMxkJwBCfPTmUEfZi6dHe7DcFq2ALvB2tbB,uSGzhbQwyXV2WvoQ6QK77XFMuNqFir5rFKcZLgKjQtD,81.105,EPjFWdd5AufqSSqeM2qN1xzybapC8G4wEGGkZwyTDt1v,5000,True
3XVCvQ4kbn7BDydW2dez23qwUTLnYnNQLbjUhyxMrV6fHAP9RcjnrsrMFWyHjogvEBipNyBsrhXQ8n9Ncjjf42Wx,2025-12-31T22:47:10,GrU6iU9up3GhHvD4n2ebbQT7wDNSSzxZBE2mnbLhqyVY,6U91aKa8pmMxkJwBCfPTmUEfZi6dHe7DcFq2ALvB2tbB,0.00092531,cbbtcf3aa214zXHbiAZQwf4122FBYbraNdFqgw4iMij,5000,True
3XVCvQ4kbn7BDydW2dez23qwUTLnYnNQLbjUhyxMrV6fHAP9RcjnrsrMFWyHjogvEBipNyBsrhXQ8n9Ncjjf42Wx,2025-12-31T22:47:10,6U91aKa8pmMxkJwBCfPTmUEfZi6dHe7DcFq2ALvB2tbB,7imnGYfCovXjMWKdbQvETFVMe72MQDX4S5zW4GFxMJME,0.00092531,cbbtcf3aa214zXHbiAZQwf4122FBYbraNdFqgw4iMij,5000,True
3XVCvQ4kbn7BDydW2dez23qwUTLnYnNQLbjUhyxMrV6fHAP9RcjnrsrMFWyHjogvEBipNyBsrhXQ8n9Ncjjf42Wx,2025-12-31T22:47:10,7imnGYfCovXjMWKdbQvETFVMe72MQDX4S5zW4GFxMJME,8UgoPZAR8ZLoEmV6pJ8SZ6JKESP2X8nbnrZSdSgNtg1y,1e-08,CtzPWv73Sn1dMGVU3ZtLv9yWSyUAanBni19YWDaznnkn,5000,True
3XVCvQ4kbn7BDydW2dez23qwUTLnYnNQLbjUhyxMrV6fHAP9RcjnrsrMFWyHjogvEBipNyBsrhXQ8n9Ncjjf42Wx,2025-12-31T22:47:10,7imnGYfCovXjMWKdbQvETFVMe72MQDX4S5zW4GFxMJME,6U91aKa8pmMxkJwBCfPTmUEfZi6dHe7DcFq2ALvB2tbB,0.0009253,CtzPWv73Sn1dMGVU3ZtLv9yWSyUAanBni19YWDaznnkn,5000,True
3XVCvQ4kbn7BDydW2dez23qwUTLnYnNQLbjUhyxMrV6fHAP9RcjnrsrMFWyHjogvEBipNyBsrhXQ8n9Ncjjf42Wx,2025-12-31T22:47:10,6U91aKa8pmMxkJwBCfPTmUEfZi6dHe7DcFq2ALvB2tbB,GraZ9wjJVEGMQsyz3BwkkRdkJFmDrZw6Bnj3yzciwFEC,0.0009253,CtzPWv73Sn1dMGVU3ZtLv9yWSyUAanBni19YWDaznnkn,5000,True
3XVCvQ4kbn7BDydW2dez23qwUTLnYnNQLbjUhyxMrV6fHAP9RcjnrsrMFWyHjogvEBipNyBsrhXQ8n9Ncjjf42Wx,2025-12-31T22:47:10,2MFoS3MPtvyQ4Wh4M9pdfPjz6UhVoNbFbGJAskCPCj3h,Ef1i833QDSK7AzkocsGEqpYN5WwJ6R9xvyTzVSLhc2HL,0.0009253,CtzPWv73Sn1dMGVU3ZtLv9yWSyUAanBni19YWDaznnkn,5000,True
3XVCvQ4kbn7BDydW2dez23qwUTLnYnNQLbjUhyxMrV6fHAP9RcjnrsrMFWyHjogvEBipNyBsrhXQ8n9Ncjjf42Wx,2025-12-31T22:47:10,Ef1i833QDSK7AzkocsGEqpYN5WwJ6R9xvyTzVSLhc2HL,2MFoS3MPtvyQ4Wh4M9pdfPjz6UhVoNbFbGJAskCPCj3h,0.519112199,J1toso1uCk3RLmjorhTtrVwY9HJ7X8V9yYac6Y7kGCPn,5000,True
3XVCvQ4kbn7BDydW2dez23qwUTLnYnNQLbjUhyxMrV6fHAP9RcjnrsrMFWyHjogvEBipNyBsrhXQ8n9Ncjjf42Wx,2025-12-31T22:47:10,GraZ9wjJVEGMQsyz3BwkkRdkJFmDrZw6Bnj3yzciwFEC,2MFoS3MPtvyQ4Wh4M9pdfPjz6UhVoNbFbGJAskCPCj3h,0.0009253,CtzPWv73Sn1dMGVU3ZtLv9yWSyUAanBni19YWDaznnkn,5000,True
3XVCvQ4kbn7BDydW2dez23qwUTLnYnNQLbjUhyxMrV6fHAP9RcjnrsrMFWyHjogvEBipNyBsrhXQ8n9Ncjjf42Wx,2025-12-31T22:47:10,E1mBVQyt7BHK8SaBSfME7usYxx94T4DtHEjbUpEBhZx,GkXG58JMDWCfoAorj8uCJcKj748uqV7tfYaV67mSW5LH,0.649732767,So11111111111111111111111111111111111111112,5000,True
3XVCvQ4kbn7BDydW2dez23qwUTLnYnNQLbjUhyxMrV6fHAP9RcjnrsrMFWyHjogvEBipNyBsrhXQ8n9Ncjjf42Wx,2025-12-31T22:47:10,2MFoS3MPtvyQ4Wh4M9pdfPjz6UhVoNbFbGJAskCPCj3h,4ThJXdq1ga5aaZSXRa9gDgEBwkj7iG2tJxJ3XXC2K23u,0.519112199,J1toso1uCk3RLmjorhTtrVwY9HJ7X8V9yYac6Y7kGCPn,5000,True
3XVCvQ4kbn7BDydW2dez23qwUTLnYnNQLbjUhyxMrV6fHAP9RcjnrsrMFWyHjogvEBipNyBsrhXQ8n9Ncjjf42Wx,2025-12-31T22:47:10,GkXG58JMDWCfoAorj8uCJcKj748uqV7tfYaV67mSW5LH,2MFoS3MPtvyQ4Wh4M9pdfPjz6UhVoNbFbGJAskCPCj3h,0.649732767,So11111111111111111111111111111111111111112,5000,True
3XVCvQ4kbn7BDydW2dez23qwUTLnYnNQLbjUhyxMrV6fHAP9RcjnrsrMFWyHjogvEBipNyBsrhXQ8n9Ncjjf42Wx,2025-12-31T22:47:10,2MFoS3MPtvyQ4Wh4M9pdfPjz6UhVoNbFbGJAskCPCj3h,4uWuh9fC7rrZKrN8ZdJf69MN1e2S7FPpMqcsyY1aof6K,0.649732767,So11111111111111111111111111111111111111112,5000,True
3XVCvQ4kbn7BDydW2dez23qwUTLnYnNQLbjUhyxMrV6fHAP9RcjnrsrMFWyHjogvEBipNyBsrhXQ8n9Ncjjf42Wx,2025-12-31T22:47:10,4uWuh9fC7rrZKrN8ZdJf69MN1e2S7FPpMqcsyY1aof6K,2MFoS3MPtvyQ4Wh4M9pdfPjz6UhVoNbFbGJAskCPCj3h,81.115905,EPjFWdd5AufqSSqeM2qN1xzybapC8G4wEGGkZwyTDt1v,5000,True
3XVCvQ4kbn7BDydW2dez23qwUTLnYnNQLbjUhyxMrV6fHAP9RcjnrsrMFWyHjogvEBipNyBsrhXQ8n9Ncjjf42Wx,2025-12-31T22:47:10,2MFoS3MPtvyQ4Wh4M9pdfPjz6UhVoNbFbGJAskCPCj3h,GraZ9wjJVEGMQsyz3BwkkRdkJFmDrZw6Bnj3yzciwFEC,81.115905,EPjFWdd5AufqSSqeM2qN1xzybapC8G4wEGGkZwyTDt1v,5000,True
5XPDcxkGkQEhcFxmsEfALtU5p4BWSiVZ5xiuaKV4A5mi51QFmJ95oM7RtEjqqmWwGKonKbTQwLPaAiVxNBWZXwWL,2025-12-31T22:47:10,MVdeBeLpF8kgCaHkLawfaMpPQJaJQfFGyoiQQHAMePd,AZe3D7WYCKynLfGyJ8g8vXRytXRjGQG185fEDkGqgADB,0.00317,So11111111111111111111111111111111111111112,6500,True
5XPDcxkGkQEhcFxmsEfALtU5p4BWSiVZ5xiuaKV4A5mi51QFmJ95oM7RtEjqqmWwGKonKbTQwLPaAiVxNBWZXwWL,2025-12-31T22:47:10,AZe3D7WYCKynLfGyJ8g8vXRytXRjGQG185fEDkGqgADB,MVdeBeLpF8kgCaHkLawfaMpPQJaJQfFGyoiQQHAMePd,4568.439607,9oqwZx9YFV4ZqXoPgwfwHZmWe7kcQN2eLoz8UUjxmwoS,6500,True
5XPDcxkGkQEhcFxmsEfALtU5p4BWSiVZ5xiuaKV4A5mi51QFmJ95oM7RtEjqqmWwGKonKbTQwLPaAiVxNBWZXwWL,2025-12-31T22:47:10,AZe3D7WYCKynLfGyJ8g8vXRytXRjGQG185fEDkGqgADB,JCRGumoE9Qi5BBgULTgdgTLjSgkCMSbF62ZZfGs84JeU,2.291094,9oqwZx9YFV4ZqXoPgwfwHZmWe7kcQN2eLoz8UUjxmwoS,6500,True
5h2mMT2nXtpG7NC783yzJrSpr8bXg8nP7hgwpVYvP8Cxg5nwWcqptm9WH9DpuqgepQAs4VFcji6EeGYkVKsUUJXs,2025-12-31T22:47:10,ELZDT98YidJLbEQ6SeJhUDeUwXxRpURQ4m5tVy9Csfcx,AZe3D7WYCKynLfGyJ8g8vXRytXRjGQG185fEDkGqgADB,0.0022325,So11111111111111111111111111111111111111112,6500,True
5h2mMT2nXtpG7NC783yzJrSpr8bXg8nP7hgwpVYvP8Cxg5nwWcqptm9WH9DpuqgepQAs4VFcji6EeGYkVKsUUJXs,2025-12-31T22:47:10,AZe3D7WYCKynLfGyJ8g8vXRytXRjGQG185fEDkGqgADB,ELZDT98YidJLbEQ6SeJhUDeUwXxRpURQ4m5tVy9Csfcx,3217.406089,9oqwZx9YFV4ZqXoPgwfwHZmWe7kcQN2eLoz8UUjxmwoS,6500,True
5h2mMT2nXtpG7NC783yzJrSpr8bXg8nP7hgwpVYvP8Cxg5nwWcqptm9WH9DpuqgepQAs4VFcji6EeGYkVKsUUJXs,2025-12-31T22:47:10,AZe3D7WYCKynLfGyJ8g8vXRytXRjGQG185fEDkGqgADB,JCRGumoE9Qi5BBgULTgdgTLjSgkCMSbF62ZZfGs84JeU,1.613544,9oqwZx9YFV4ZqXoPgwfwHZmWe7kcQN2eLoz8UUjxmwoS,6500,True
5GMshVuRzVaGPSkjMT8E8AewcT9vVVTmpFZrNLcHgzqsfeBEKNfvepvJQ7wJVws8G5JCeYrG4Nqs4bDvJDcRUNNu,2025-12-31T22:47:10,3f5wo7YGUYi7swaabu3ppLtdrPrNaqet5eo25mzmXtoZ,HLnpSz9h2S4hiLQ43rnSD9XkcUThA7B8hQMKmDaiTLcC,0.097141127,So11111111111111111111111111111111111111112,5000,True
5GMshVuRzVaGPSkjMT8E8AewcT9vVVTmpFZrNLcHgzqsfeBEKNfvepvJQ7wJVws8G5JCeYrG4Nqs4bDvJDcRUNNu,2025-12-31T22:47:10,HLnpSz9h2S4hiLQ43rnSD9XkcUThA7B8hQMKmDaiTLcC,3f5wo7YGUYi7swaabu3ppLtdrPrNaqet5eo25mzmXtoZ,315943.898947,GQdWTDNcYwW2nHoYrtQpg3kTG35x4Dp5AiykzijTg244,5000,True
4FZpf9eizYJzhFkKcgVpQgcJwXt2k78YZj8BFEXbJSzn1GLAEoCz3qo78U9XEaHAqzqQsC3Gm9CBUkm6h66e57yp,2025-12-31T22:47:10,AAPRFSitJw6jJZkcC16Ai4TGFqiPjaEy8SYHjLGzeaN5,4uJnSSfkk1Hws9HtjsK4cHJB1tY5LTyuCH1gwfS8hucg,0.251937634,So11111111111111111111111111111111111111112,5000,True
4FZpf9eizYJzhFkKcgVpQgcJwXt2k78YZj8BFEXbJSzn1GLAEoCz3qo78U9XEaHAqzqQsC3Gm9CBUkm6h66e57yp,2025-12-31T22:47:10,AAPRFSitJw6jJZkcC16Ai4TGFqiPjaEy8SYHjLGzeaN5,9rPYyANsfQZw3DnDmKE3YCQF5E8oD89UXoHn9JFEhJUz,0.000125718,So11111111111111111111111111111111111111112,5000,True
4FZpf9eizYJzhFkKcgVpQgcJwXt2k78YZj8BFEXbJSzn1GLAEoCz3qo78U9XEaHAqzqQsC3Gm9CBUkm6h66e57yp,2025-12-31T22:47:10,AAPRFSitJw6jJZkcC16Ai4TGFqiPjaEy8SYHjLGzeaN5,2aqAfeWPbjovuQom7PS8B6ThtATX2YNBKh74NXA494uN,0.000125718,So11111111111111111111111111111111111111112,5000,True
4FZpf9eizYJzhFkKcgVpQgcJwXt2k78YZj8BFEXbJSzn1GLAEoCz3qo78U9XEaHAqzqQsC3Gm9CBUkm6h66e57yp,2025-12-31T22:47:10,4uJnSSfkk1Hws9HtjsK4cHJB1tY5LTyuCH1gwfS8hucg,AAPRFSitJw6jJZkcC16Ai4TGFqiPjaEy8SYHjLGzeaN5,1877,A3r3fYcJSbBXru7uUonADVKhqoGnMcopCSf7j2kRpump,5000,True
5gbcNrUU5PjHA9nTxzHrDMagdaWzHhK6FCkwD3BpMgVGYr6Yku25SE3QyA2dDoGD7fsvSejqnPsThxLcP1m7Q59i,2025-12-31T22:47:10,D9ukvkFfwQHhpEksJKaoBsYuVtGKMPiuFmz8Bvh8EVeq,J2e5nvRDu98oEyzWNAmbYQYK1rr5zQQKh5Vjq6fxQqqU,2.961138,EPjFWdd5AufqSSqeM2qN1xzybapC8G4wEGGkZwyTDt1v,21395,True
5gbcNrUU5PjHA9nTxzHrDMagdaWzHhK6FCkwD3BpMgVGYr6Yku25SE3QyA2dDoGD7fsvSejqnPsThxLcP1m7Q59i,2025-12-31T22:47:10,3HsBgq8qDgYZQipmQ2kM7Xmpdu2nQCeUw1749DktTm87,J2e5nvRDu98oEyzWNAmbYQYK1rr5zQQKh5Vjq6fxQqqU,0.100949829,So11111111111111111111111111111111111111112,21395,True
5gbcNrUU5PjHA9nTxzHrDMagdaWzHhK6FCkwD3BpMgVGYr6Yku25SE3QyA2dDoGD7fsvSejqnPsThxLcP1m7Q59i,2025-12-31T22:47:10,3HsBgq8qDgYZQipmQ2kM7Xmpdu2nQCeUw1749DktTm87,G5UZAVbAf46s7cKWoyKu8kYTip9DGTpbLZ2qa9Aq69dP,5.0934e-05,So11111111111111111111111111111111111111112,21395,True
5gbcNrUU5PjHA9nTxzHrDMagdaWzHhK6FCkwD3BpMgVGYr6Yku25SE3QyA2dDoGD7fsvSejqnPsThxLcP1m7Q59i,2025-12-31T22:47:10,3HsBgq8qDgYZQipmQ2kM7Xmpdu2nQCeUw1749DktTm87,CAELUBTDsmy2D86fjBNJ8Sv14ZkyVTA5SZk6TjGVVkKb,0.000662134,So11111111111111111111111111111111111111112,21395,True
5gbcNrUU5PjHA9nTxzHrDMagdaWzHhK6FCkwD3BpMgVGYr6Yku25SE3QyA2dDoGD7fsvSejqnPsThxLcP1m7Q59i,2025-12-31T22:47:10,J2e5nvRDu98oEyzWNAmbYQYK1rr5zQQKh5Vjq6fxQqqU,7HkzG4LYyCJSrD3gopPQv3VVzQQKbHBZcm9fbjj5fuaH,2.961138,EPjFWdd5AufqSSqeM2qN1xzybapC8G4wEGGkZwyTDt1v,21395,True
5gbcNrUU5PjHA9nTxzHrDMagdaWzHhK6FCkwD3BpMgVGYr6Yku25SE3QyA2dDoGD7fsvSejqnPsThxLcP1m7Q59i,2025-12-31T22:47:10,7HkzG4LYyCJSrD3gopPQv3VVzQQKbHBZcm9fbjj5fuaH,8UgoPZAR8ZLoEmV6pJ8SZ6JKESP2X8nbnrZSdSgNtg1y,2.848e-06,So11111111111111111111111111111111111111112,21395,True
5gbcNrUU5PjHA9nTxzHrDMagdaWzHhK6FCkwD3BpMgVGYr6Yku25SE3QyA2dDoGD7fsvSejqnPsThxLcP1m7Q59i,2025-12-31T22:47:10,7HkzG4LYyCJSrD3gopPQv3VVzQQKbHBZcm9fbjj5fuaH,J2e5nvRDu98oEyzWNAmbYQYK1rr5zQQKh5Vjq6fxQqqU,0.023728083,So11111111111111111111111111111111111111112,21395,True
5gbcNrUU5PjHA9nTxzHrDMagdaWzHhK6FCkwD3BpMgVGYr6Yku25SE3QyA2dDoGD7fsvSejqnPsThxLcP1m7Q59i,2025-12-31T22:47:10,J2e5nvRDu98oEyzWNAmbYQYK1rr5zQQKh5Vjq6fxQqqU,3CgvbiM3op4vjrrjH2zcrQUwsqh5veNVRjFCB9N6sRoD,0.000124677,So11111111111111111111111111111111111111112,21395,True
5gbcNrUU5PjHA9nTxzHrDMagdaWzHhK6FCkwD3BpMgVGYr6Yku25SE3QyA2dDoGD7fsvSejqnPsThxLcP1m7Q59i,2025-12-31T22:47:10,J2e5nvRDu98oEyzWNAmbYQYK1rr5zQQKh5Vjq6fxQqqU,D9ukvkFfwQHhpEksJKaoBsYuVtGKMPiuFmz8Bvh8EVeq,1307.103906,3kC6gheQ5fxK8iKWWDHeomHU5Z6U2dUWfqEK6dpLpump,21395,True
5gbcNrUU5PjHA9nTxzHrDMagdaWzHhK6FCkwD3BpMgVGYr6Yku25SE3QyA2dDoGD7fsvSejqnPsThxLcP1m7Q59i,2025-12-31T22:47:10,J2e5nvRDu98oEyzWNAmbYQYK1rr5zQQKh5Vjq6fxQqqU,3HsBgq8qDgYZQipmQ2kM7Xmpdu2nQCeUw1749DktTm87,5572.390339,3kC6gheQ5fxK8iKWWDHeomHU5Z6U2dUWfqEK6dpLpump,21395,True
24mZoUL9ft2GLYqNc9FnGqsPgyxQZg8sB9UWuLZFPgVALYLwCeE5hQH5DEF2VUzoWxP4DqRLZARQ471Zrebk1Dp2,2025-12-31T22:47:10,BR4uULXUxbVUNgFjLWy9rSWeTUnUpNVcGt8mDaXzx6Mg,7hZQ3QmsocJJLuHrw39R9XqZNzt4BmBBNVNSnvJExtqA,73.164743,EPjFWdd5AufqSSqeM2qN1xzybapC8G4wEGGkZwyTDt1v,5000,True
24mZoUL9ft2GLYqNc9FnGqsPgyxQZg8sB9UWuLZFPgVALYLwCeE5hQH5DEF2VUzoWxP4DqRLZARQ471Zrebk1Dp2,2025-12-31T22:47:10,7hZQ3QmsocJJLuHrw39R9XqZNzt4BmBBNVNSnvJExtqA,BR4uULXUxbVUNgFjLWy9rSWeTUnUpNVcGt8mDaXzx6Mg,73.201331,USD1ttGY1N17NEEHLmELoaybftRBUSErhqYiQzvEmuB,5000,True
24mZoUL9ft2GLYqNc9FnGqsPgyxQZg8sB9UWuLZFPgVALYLwCeE5hQH5DEF2VUzoWxP4DqRLZARQ471Zrebk1Dp2,2025-12-31T22:47:10,BR4uULXUxbVUNgFjLWy9rSWeTUnUpNVcGt8mDaXzx6Mg,Egmhm7v1AAnu6XT8NJ8f95SM6PL1xF83PspE3jWcTs2d,73.201331,USD1ttGY1N17NEEHLmELoaybftRBUSErhqYiQzvEmuB,5000,True
24mZoUL9ft2GLYqNc9FnGqsPgyxQZg8sB9UWuLZFPgVALYLwCeE5hQH5DEF2VUzoWxP4DqRLZARQ471Zrebk1Dp2,2025-12-31T22:47:10,Egmhm7v1AAnu6XT8NJ8f95SM6PL1xF83PspE3jWcTs2d,BR4uULXUxbVUNgFjLWy9rSWeTUnUpNVcGt8mDaXzx6Mg,0.586084442,So11111111111111111111111111111111111111112,5000,True
24mZoUL9ft2GLYqNc9FnGqsPgyxQZg8sB9UWuLZFPgVALYLwCeE5hQH5DEF2VUzoWxP4DqRLZARQ471Zrebk1Dp2,2025-12-31T22:47:10,BR4uULXUxbVUNgFjLWy9rSWeTUnUpNVcGt8mDaXzx6Mg,4uWuh9fC7rrZKrN8ZdJf69MN1e2S7FPpMqcsyY1aof6K,0.586044512,So11111111111111111111111111111111111111112,5000,True
24mZoUL9ft2GLYqNc9FnGqsPgyxQZg8sB9UWuLZFPgVALYLwCeE5hQH5DEF2VUzoWxP4DqRLZARQ471Zrebk1Dp2,2025-12-31T22:47:10,4uWuh9fC7rrZKrN8ZdJf69MN1e2S7FPpMqcsyY1aof6K,BR4uULXUxbVUNgFjLWy9rSWeTUnUpNVcGt8mDaXzx6Mg,73.164743,EPjFWdd5AufqSSqeM2qN1xzybapC8G4wEGGkZwyTDt1v,5000,True
21k97cEm6LCGHyLKWpRmZnsyWVkeRtPZyi3EeFSoZZoBqTjq3kAKJpdN6NzsWy6NhGFr1pV7N4Rz3kR6GjgtdZs3,2025-12-31T22:47:10,CatyeC3LgBxub7HcpW2n7cZZZ66CUKdcZ8DzHucHrSiP,7VuKeevbvbQQcxz6N4SNLmuq6PYy4AcGQRDssoqo4t65,1006.717157,EPjFWdd5AufqSSqeM2qN1xzybapC8G4wEGGkZwyTDt1v,5000,True
21k97cEm6LCGHyLKWpRmZnsyWVkeRtPZyi3EeFSoZZoBqTjq3kAKJpdN6NzsWy6NhGFr1pV7N4Rz3kR6GjgtdZs3,2025-12-31T22:47:10,7VuKeevbvbQQcxz6N4SNLmuq6PYy4AcGQRDssoqo4t65,CatyeC3LgBxub7HcpW2n7cZZZ66CUKdcZ8DzHucHrSiP,8.063719718,So11111111111111111111111111111111111111112,5000,True
21k97cEm6LCGHyLKWpRmZnsyWVkeRtPZyi3EeFSoZZoBqTjq3kAKJpdN6NzsWy6NhGFr1pV7N4Rz3kR6GjgtdZs3,2025-12-31T22:47:10,FksffEqnBRixYGR791Qw2MgdU7zNCpHVFYBL4Fa4qVuH,CatyeC3LgBxub7HcpW2n7cZZZ66CUKdcZ8DzHucHrSiP,1006.717157,EPjFWdd5AufqSSqeM2qN1xzybapC8G4wEGGkZwyTDt1v,5000,True
21k97cEm6LCGHyLKWpRmZnsyWVkeRtPZyi3EeFSoZZoBqTjq3kAKJpdN6NzsWy6NhGFr1pV7N4Rz3kR6GjgtdZs3,2025-12-31T22:47:10,CatyeC3LgBxub7HcpW2n7cZZZ66CUKdcZ8DzHucHrSiP,FksffEqnBRixYGR791Qw2MgdU7zNCpHVFYBL4Fa4qVuH,8.063524622,So11111111111111111111111111111111111111112,5000,True
28ij4MkC5pNe2dBDiRfXiunQLNrUUPAWV9dDL9HxEE5j32mbXbcdAU45PJ6KKgYgDL3rD2fS9BywsjMc9FppknUK,2025-12-31T22:47:10,HydraXoSz7oE3774DoWQQaofKb31Kbn2cbcqG4ShKy85,8sLbNZoA1cfnvMJLPfp98ZLAnFSYCFApfJKMbiXNLwxj,87.438597,EPjFWdd5AufqSSqeM2qN1xzybapC8G4wEGGkZwyTDt1v,5000,True
28ij4MkC5pNe2dBDiRfXiunQLNrUUPAWV9dDL9HxEE5j32mbXbcdAU45PJ6KKgYgDL3rD2fS9BywsjMc9FppknUK,2025-12-31T22:47:10,8sLbNZoA1cfnvMJLPfp98ZLAnFSYCFApfJKMbiXNLwxj,HydraXoSz7oE3774DoWQQaofKb31Kbn2cbcqG4ShKy85,0.700416919,So11111111111111111111111111111111111111112,5000,True
28ij4MkC5pNe2dBDiRfXiunQLNrUUPAWV9dDL9HxEE5j32mbXbcdAU45PJ6KKgYgDL3rD2fS9BywsjMc9FppknUK,2025-12-31T22:47:10,FksffEqnBRixYGR791Qw2MgdU7zNCpHVFYBL4Fa4qVuH,HydraXoSz7oE3774DoWQQaofKb31Kbn2cbcqG4ShKy85,87.441796,EPjFWdd5AufqSSqeM2qN1xzybapC8G4wEGGkZwyTDt1v,5000,True
28ij4MkC5pNe2dBDiRfXiunQLNrUUPAWV9dDL9HxEE5j32mbXbcdAU45PJ6KKgYgDL3rD2fS9BywsjMc9FppknUK,2025-12-31T22:47:10,HydraXoSz7oE3774DoWQQaofKb31Kbn2cbcqG4ShKy85,FksffEqnBRixYGR791Qw2MgdU7zNCpHVFYBL4Fa4qVuH,0.700416919,So11111111111111111111111111111111111111112,5000,True
2Ygp21QhqrUttrmSVacoYiGk8VADzaSwNuLP5nEMKwHJtHt6izc88xFmKG3ELBxbV6k41vaH8EMCG2PeHLisdVm2,2025-12-31T22:47:10,2NpX5k6T2PCE7XD6MACphaworg57SMAkfAEKxddXZpC9,5Q544fKrFoe6tsEbD7S8EmxGTJYAKtTVhAW5Q5pge4j1,13.842429,9gyfbPVwwZx4y1hotNSLcqXCQNpNqqz6ZRvo8yTLpump,24361,True
2Ygp21QhqrUttrmSVacoYiGk8VADzaSwNuLP5nEMKwHJtHt6izc88xFmKG3ELBxbV6k41vaH8EMCG2PeHLisdVm2,2025-12-31T22:47:10,5Q544fKrFoe6tsEbD7S8EmxGTJYAKtTVhAW5Q5pge4j1,2NpX5k6T2PCE7XD6MACphaworg57SMAkfAEKxddXZpC9,8.8068e-05,So11111111111111111111111111111111111111112,24361,True
55pbm2qcme6iM2d3qkYVkVkiMu5xYroFE1PATsUkw4fSKVM1WXs37KPLxDgraRxzYjXhYwBWHR71Nax3Dpt7ugLY,2025-12-31T22:47:10,4W111nfvgbzQf7rciNtijXjh69LqjZvUwvHJNEiCVd9J,B8bA4vDsmkvvY7t36rFSMYAsK7Tqun6rzcuDwckX5jRd,1.16,So11111111111111111111111111111111111111112,10000,True
55pbm2qcme6iM2d3qkYVkVkiMu5xYroFE1PATsUkw4fSKVM1WXs37KPLxDgraRxzYjXhYwBWHR71Nax3Dpt7ugLY,2025-12-31T22:47:10,B8bA4vDsmkvvY7t36rFSMYAsK7Tqun6rzcuDwckX5jRd,4W111nfvgbzQf7rciNtijXjh69LqjZvUwvHJNEiCVd9J,528695.91714,9Kh3pGP1tE9xVSEiKXpqTfX7fCReghECXJvQkEj3pN1e,10000,True
55pbm2qcme6iM2d3qkYVkVkiMu5xYroFE1PATsUkw4fSKVM1WXs37KPLxDgraRxzYjXhYwBWHR71Nax3Dpt7ugLY,2025-12-31T22:47:10,B8bA4vDsmkvvY7t36rFSMYAsK7Tqun6rzcuDwckX5jRd,62qc2CNXwrYqQScmEdiZFFAnJR262PxWEuNQtxfafNgV,265.143389,9Kh3pGP1tE9xVSEiKXpqTfX7fCReghECXJvQkEj3pN1e,10000,True
55pbm2qcme6iM2d3qkYVkVkiMu5xYroFE1PATsUkw4fSKVM1WXs37KPLxDgraRxzYjXhYwBWHR71Nax3Dpt7ugLY,2025-12-31T22:47:10,B8bA4vDsmkvvY7t36rFSMYAsK7Tqun6rzcuDwckX5jRd,AgLNvjbT2RzEnHp6zuj1zU97tuSynf5ninDSVDnkYKMd,1.14782,So11111111111111111111111111111111111111112,10000,True
55pbm2qcme6iM2d3qkYVkVkiMu5xYroFE1PATsUkw4fSKVM1WXs37KPLxDgraRxzYjXhYwBWHR71Nax3Dpt7ugLY,2025-12-31T22:47:10,AgLNvjbT2RzEnHp6zuj1zU97tuSynf5ninDSVDnkYKMd,B8bA4vDsmkvvY7t36rFSMYAsK7Tqun6rzcuDwckX5jRd,526018.397332,9Kh3pGP1tE9xVSEiKXpqTfX7fCReghECXJvQkEj3pN1e,10000,True
55pbm2qcme6iM2d3qkYVkVkiMu5xYroFE1PATsUkw4fSKVM1WXs37KPLxDgraRxzYjXhYwBWHR71Nax3Dpt7ugLY,2025-12-31T22:47:10,AgLNvjbT2RzEnHp6zuj1zU97tuSynf5ninDSVDnkYKMd,AVmoTthdrX6tKt4nDjco2D775W2YK3sDhxPcMmzUAmTY,262.353316,9Kh3pGP1tE9xVSEiKXpqTfX7fCReghECXJvQkEj3pN1e,10000,True
3wsBJKoSjFDJKBLXzGUJ8hkP7Dch6qCcYcBpayti4g2GnE9bymV8rFTcMhjvs4Vq2umbjJgPVxkwE1hkcTGtvb7K,2025-12-31T22:47:10,5m4VGV3u16U9QkKd74Ffc6ziv1Zqs44cVmA3oajAxkM6,4qzmLa2YdN2MGworcaEakF67Ng2x91EUVChtYvBk9sVD,15.65467169,So11111111111111111111111111111111111111112,10000,True
3wsBJKoSjFDJKBLXzGUJ8hkP7Dch6qCcYcBpayti4g2GnE9bymV8rFTcMhjvs4Vq2umbjJgPVxkwE1hkcTGtvb7K,2025-12-31T22:47:10,4qzmLa2YdN2MGworcaEakF67Ng2x91EUVChtYvBk9sVD,5m4VGV3u16U9QkKd74Ffc6ziv1Zqs44cVmA3oajAxkM6,5951633.690839,EgFcSDktqQmjFCNTFPsLe6n7SAeFuar33y8R7gzPxzvL,10000,True
3wsBJKoSjFDJKBLXzGUJ8hkP7Dch6qCcYcBpayti4g2GnE9bymV8rFTcMhjvs4Vq2umbjJgPVxkwE1hkcTGtvb7K,2025-12-31T22:47:10,4qzmLa2YdN2MGworcaEakF67Ng2x91EUVChtYvBk9sVD,AVmoTthdrX6tKt4nDjco2D775W2YK3sDhxPcMmzUAmTY,2984.771159,EgFcSDktqQmjFCNTFPsLe6n7SAeFuar33y8R7gzPxzvL,10000,True
3wsBJKoSjFDJKBLXzGUJ8hkP7Dch6qCcYcBpayti4g2GnE9bymV8rFTcMhjvs4Vq2umbjJgPVxkwE1hkcTGtvb7K,2025-12-31T22:47:10,4qzmLa2YdN2MGworcaEakF67Ng2x91EUVChtYvBk9sVD,GzsC8hgycbd3drScsyrERVUPhEU8wwT5Wp51QvqaDsQd,15.61553501,So11111111111111111111111111111111111111112,10000,True
3wsBJKoSjFDJKBLXzGUJ8hkP7Dch6qCcYcBpayti4g2GnE9bymV8rFTcMhjvs4Vq2umbjJgPVxkwE1hkcTGtvb7K,2025-12-31T22:47:10,GzsC8hgycbd3drScsyrERVUPhEU8wwT5Wp51QvqaDsQd,4qzmLa2YdN2MGworcaEakF67Ng2x91EUVChtYvBk9sVD,5969505.007853,EgFcSDktqQmjFCNTFPsLe6n7SAeFuar33y8R7gzPxzvL,10000,True
3wsBJKoSjFDJKBLXzGUJ8hkP7Dch6qCcYcBpayti4g2GnE9bymV8rFTcMhjvs4Vq2umbjJgPVxkwE1hkcTGtvb7K,2025-12-31T22:47:10,GzsC8hgycbd3drScsyrERVUPhEU8wwT5Wp51QvqaDsQd,7hTckgnGnLQR6sdH7YkqFTAA7VwTfYFaZ6EhEsU3saCX,2977.309231,EgFcSDktqQmjFCNTFPsLe6n7SAeFuar33y8R7gzPxzvL,10000,True
3GGmUVQc8DVrcW4D6QzNsQbdCBmqTPWkWfTiPRzeCxuSfsova6LJLKuCRFreDv9WmnGUU2GWzKCMycyxqkeEQGja,2025-12-31T22:47:10,9mcUSSDb4FfXdySfzTFC3wifurHEYptnZVtY3aWdMvgL,uuKRpz5tWbxUzQfXDEa1t2uRCA8JBueokKss2USCFCG,1.396,So11111111111111111111111111111111111111112,10000,True
3GGmUVQc8DVrcW4D6QzNsQbdCBmqTPWkWfTiPRzeCxuSfsova6LJLKuCRFreDv9WmnGUU2GWzKCMycyxqkeEQGja,2025-12-31T22:47:10,uuKRpz5tWbxUzQfXDEa1t2uRCA8JBueokKss2USCFCG,9mcUSSDb4FfXdySfzTFC3wifurHEYptnZVtY3aWdMvgL,699079.368752,EubmSbNMsAmy34VJNDFhR8yts7uZHtAfXbAkaVnYwS7h,10000,True
3GGmUVQc8DVrcW4D6QzNsQbdCBmqTPWkWfTiPRzeCxuSfsova6LJLKuCRFreDv9WmnGUU2GWzKCMycyxqkeEQGja,2025-12-31T22:47:10,uuKRpz5tWbxUzQfXDEa1t2uRCA8JBueokKss2USCFCG,7hTckgnGnLQR6sdH7YkqFTAA7VwTfYFaZ6EhEsU3saCX,350.591459,EubmSbNMsAmy34VJNDFhR8yts7uZHtAfXbAkaVnYwS7h,10000,True
3GGmUVQc8DVrcW4D6QzNsQbdCBmqTPWkWfTiPRzeCxuSfsova6LJLKuCRFreDv9WmnGUU2GWzKCMycyxqkeEQGja,2025-12-31T22:47:10,uuKRpz5tWbxUzQfXDEa1t2uRCA8JBueokKss2USCFCG,AvRXwy68XtEHgSRRET5odcicGev4P5eoA3QVFmvsTaq5,1.381342,So11111111111111111111111111111111111111112,10000,True
3GGmUVQc8DVrcW4D6QzNsQbdCBmqTPWkWfTiPRzeCxuSfsova6LJLKuCRFreDv9WmnGUU2GWzKCMycyxqkeEQGja,2025-12-31T22:47:10,AvRXwy68XtEHgSRRET5odcicGev4P5eoA3QVFmvsTaq5,uuKRpz5tWbxUzQfXDEa1t2uRCA8JBueokKss2USCFCG,695534.489004,EubmSbNMsAmy34VJNDFhR8yts7uZHtAfXbAkaVnYwS7h,10000,True
3GGmUVQc8DVrcW4D6QzNsQbdCBmqTPWkWfTiPRzeCxuSfsova6LJLKuCRFreDv9WmnGUU2GWzKCMycyxqkeEQGja,2025-12-31T22:47:10,AvRXwy68XtEHgSRRET5odcicGev4P5eoA3QVFmvsTaq5,G5UZAVbAf46s7cKWoyKu8kYTip9DGTpbLZ2qa9Aq69dP,346.899995,EubmSbNMsAmy34VJNDFhR8yts7uZHtAfXbAkaVnYwS7h,10000,True
38EhVbfDkTKBqwer48uRZG5TGfDgHytSL8as1CEFJhKE84hL7WD22BYdVKANDD8YTZysR4X14FmscP9sBGmbvzs5,2025-12-31T22:47:10,5eKXMMPUQBN1utwx9Vsqz5ZfGbSSAm7GL1Jzy5eexbyv,EVCCtMC4JaYmrun7JkXd449QZMsxK2LwyHy1Q6gg2ZXu,1.067,So11111111111111111111111111111111111111112,10000,True
38EhVbfDkTKBqwer48uRZG5TGfDgHytSL8as1CEFJhKE84hL7WD22BYdVKANDD8YTZysR4X14FmscP9sBGmbvzs5,2025-12-31T22:47:10,EVCCtMC4JaYmrun7JkXd449QZMsxK2LwyHy1Q6gg2ZXu,5eKXMMPUQBN1utwx9Vsqz5ZfGbSSAm7GL1Jzy5eexbyv,314036.892023,55P9NF8mgHWaykebCt2kFdmZvcscVxpq2ALLYsN3ty7Q,10000,True
38EhVbfDkTKBqwer48uRZG5TGfDgHytSL8as1CEFJhKE84hL7WD22BYdVKANDD8YTZysR4X14FmscP9sBGmbvzs5,2025-12-31T22:47:10,EVCCtMC4JaYmrun7JkXd449QZMsxK2LwyHy1Q6gg2ZXu,9rPYyANsfQZw3DnDmKE3YCQF5E8oD89UXoHn9JFEhJUz,157.490919,55P9NF8mgHWaykebCt2kFdmZvcscVxpq2ALLYsN3ty7Q,10000,True
38EhVbfDkTKBqwer48uRZG5TGfDgHytSL8as1CEFJhKE84hL7WD22BYdVKANDD8YTZysR4X14FmscP9sBGmbvzs5,2025-12-31T22:47:10,EVCCtMC4JaYmrun7JkXd449QZMsxK2LwyHy1Q6gg2ZXu,9eWNHqhPeYgpgD9uvf512ByVWnuEPrZK31aibitLgyZ8,1.0643325,So11111111111111111111111111111111111111112,10000,True
38EhVbfDkTKBqwer48uRZG5TGfDgHytSL8as1CEFJhKE84hL7WD22BYdVKANDD8YTZysR4X14FmscP9sBGmbvzs5,2025-12-31T22:47:10,9eWNHqhPeYgpgD9uvf512ByVWnuEPrZK31aibitLgyZ8,EVCCtMC4JaYmrun7JkXd449QZMsxK2LwyHy1Q6gg2ZXu,314979.868901,55P9NF8mgHWaykebCt2kFdmZvcscVxpq2ALLYsN3ty7Q,10000,True
38EhVbfDkTKBqwer48uRZG5TGfDgHytSL8as1CEFJhKE84hL7WD22BYdVKANDD8YTZysR4X14FmscP9sBGmbvzs5,2025-12-31T22:47:10,9eWNHqhPeYgpgD9uvf512ByVWnuEPrZK31aibitLgyZ8,G5UZAVbAf46s7cKWoyKu8kYTip9DGTpbLZ2qa9Aq69dP,157.097192,55P9NF8mgHWaykebCt2kFdmZvcscVxpq2ALLYsN3ty7Q,10000,True
21DvS2JpTjHNp7R5azEHjEtNkE1GyBArRE3LzeLrZ9ymw2D1jMHjFgFSQpLDUyH3DELSXJxDXL9v1GWD2DkPMk5y,2025-12-31T22:47:10,BoLYiWSToTHwVmb14UeNw4x2b1TThAoqSYhMMJj9UzdW,nNsdzZPTRn3rKKotvWeyrpuv6m1ZUDJ5M9dNfcux867,0.533704881,So11111111111111111111111111111111111111112,5603,True
21DvS2JpTjHNp7R5azEHjEtNkE1GyBArRE3LzeLrZ9ymw2D1jMHjFgFSQpLDUyH3DELSXJxDXL9v1GWD2DkPMk5y,2025-12-31T22:47:10,nNsdzZPTRn3rKKotvWeyrpuv6m1ZUDJ5M9dNfcux867,BoLYiWSToTHwVmb14UeNw4x2b1TThAoqSYhMMJj9UzdW,1942050.793127,F1C1jGNoPD9amaFNjpERLTjw5ANX44vFtfJfkXhcC1Km,5603,True
21DvS2JpTjHNp7R5azEHjEtNkE1GyBArRE3LzeLrZ9ymw2D1jMHjFgFSQpLDUyH3DELSXJxDXL9v1GWD2DkPMk5y,2025-12-31T22:47:10,nNsdzZPTRn3rKKotvWeyrpuv6m1ZUDJ5M9dNfcux867,62qc2CNXwrYqQScmEdiZFFAnJR262PxWEuNQtxfafNgV,968.603887,F1C1jGNoPD9amaFNjpERLTjw5ANX44vFtfJfkXhcC1Km,5603,True
TmEvJzHDcLjGo4JQR4fCadynUWRvty1d8X8AZcxuYxnaTY2TWVDiWPKA6f12VzpkC9dV6SSYVGoqNctdJjPBjS2,2025-12-31T22:47:10,5S68sJkDu4uTi19cbKQWBggr2t2XFAZEBYhzBTG24M1Q,HLnpSz9h2S4hiLQ43rnSD9XkcUThA7B8hQMKmDaiTLcC,0.08071728,So11111111111111111111111111111111111111112,5000,True
TmEvJzHDcLjGo4JQR4fCadynUWRvty1d8X8AZcxuYxnaTY2TWVDiWPKA6f12VzpkC9dV6SSYVGoqNctdJjPBjS2,2025-12-31T22:47:10,HLnpSz9h2S4hiLQ43rnSD9XkcUThA7B8hQMKmDaiTLcC,5S68sJkDu4uTi19cbKQWBggr2t2XFAZEBYhzBTG24M1Q,53754.60995,Ce87SjFVf41L8VCjcFaYM5jdscNwBe6m5MgoLEAkiAfY,5000,True
2rJWFJCJiz5XsLXfF5JuNMPXSexhHyQDrAVcmWw2cYv4syNBJvZP1dCg6k7TBNMrgRdfMeiZYeo2Bdyd7sAPvWU9,2025-12-31T22:47:10,5m4VGV3u16U9QkKd74Ffc6ziv1Zqs44cVmA3oajAxkM6,x3aPvuvXNZaCGeZFMtQnGUpRsUPtbykZgBUDb3z8L9g,1.058,So11111111111111111111111111111111111111112,10000,True
2rJWFJCJiz5XsLXfF5JuNMPXSexhHyQDrAVcmWw2cYv4syNBJvZP1dCg6k7TBNMrgRdfMeiZYeo2Bdyd7sAPvWU9,2025-12-31T22:47:10,x3aPvuvXNZaCGeZFMtQnGUpRsUPtbykZgBUDb3z8L9g,5m4VGV3u16U9QkKd74Ffc6ziv1Zqs44cVmA3oajAxkM6,453172.931843,D3vpaPHoRxLVRsXFqzX4jTKTnzuWze2yvtiBSbPzA3X5,10000,True
2rJWFJCJiz5XsLXfF5JuNMPXSexhHyQDrAVcmWw2cYv4syNBJvZP1dCg6k7TBNMrgRdfMeiZYeo2Bdyd7sAPvWU9,2025-12-31T22:47:10,x3aPvuvXNZaCGeZFMtQnGUpRsUPtbykZgBUDb3z8L9g,G5UZAVbAf46s7cKWoyKu8kYTip9DGTpbLZ2qa9Aq69dP,227.268271,D3vpaPHoRxLVRsXFqzX4jTKTnzuWze2yvtiBSbPzA3X5,10000,True
2rJWFJCJiz5XsLXfF5JuNMPXSexhHyQDrAVcmWw2cYv4syNBJvZP1dCg6k7TBNMrgRdfMeiZYeo2Bdyd7sAPvWU9,2025-12-31T22:47:10,x3aPvuvXNZaCGeZFMtQnGUpRsUPtbykZgBUDb3z8L9g,GzsC8hgycbd3drScsyrERVUPhEU8wwT5Wp51QvqaDsQd,1.046891,So11111111111111111111111111111111111111112,10000,True
2rJWFJCJiz5XsLXfF5JuNMPXSexhHyQDrAVcmWw2cYv4syNBJvZP1dCg6k7TBNMrgRdfMeiZYeo2Bdyd7sAPvWU9,2025-12-31T22:47:10,GzsC8hgycbd3drScsyrERVUPhEU8wwT5Wp51QvqaDsQd,x3aPvuvXNZaCGeZFMtQnGUpRsUPtbykZgBUDb3z8L9g,450879.127969,D3vpaPHoRxLVRsXFqzX4jTKTnzuWze2yvtiBSbPzA3X5,10000,True
2rJWFJCJiz5XsLXfF5JuNMPXSexhHyQDrAVcmWw2cYv4syNBJvZP1dCg6k7TBNMrgRdfMeiZYeo2Bdyd7sAPvWU9,2025-12-31T22:47:10,GzsC8hgycbd3drScsyrERVUPhEU8wwT5Wp51QvqaDsQd,FWsW1xNtWscwNmKv6wVsU1iTzRN6wmmk3MjxRP5tT7hz,224.877371,D3vpaPHoRxLVRsXFqzX4jTKTnzuWze2yvtiBSbPzA3X5,10000,True
48VopUqEFqoz5pJcPNjRrYhnwth2KdQPxLLkQ7nCNmMMRLSW1sinAYgoj3VX9pi8YRn9wp8c7zawgJ5tH843SE3J,2025-12-31T22:47:10,MfDuWeqSHEqTFVYZ7LoexgAK9dxk7cy4DFJWjWMGVWa,FzA8Fji7xdr9jfN7Y2YCUGLYwBzqP1eicKA4dX4m8BJg,153.682208,METvsvVRapdj9cFLzq4Tr43xK4tAjQfwX76z3n6mWQL,5000,True
48VopUqEFqoz5pJcPNjRrYhnwth2KdQPxLLkQ7nCNmMMRLSW1sinAYgoj3VX9pi8YRn9wp8c7zawgJ5tH843SE3J,2025-12-31T22:47:10,FzA8Fji7xdr9jfN7Y2YCUGLYwBzqP1eicKA4dX4m8BJg,MfDuWeqSHEqTFVYZ7LoexgAK9dxk7cy4DFJWjWMGVWa,0.308541165,So11111111111111111111111111111111111111112,5000,True
5zRQLdYkehwf721NaM3Rpywq24AKwmbrwq9XST2zyPPNn6mUCAdV1eaSCFFyg5jirWFyubMDrKTdfCqpggwgfH2i,2025-12-31T22:47:10,5cU5rbxAcpaGoPyms9jKoXQX5EiZzD3DNmwzbC3qE8Sd,7hZQ3QmsocJJLuHrw39R9XqZNzt4BmBBNVNSnvJExtqA,100,EPjFWdd5AufqSSqeM2qN1xzybapC8G4wEGGkZwyTDt1v,5002,True
5zRQLdYkehwf721NaM3Rpywq24AKwmbrwq9XST2zyPPNn6mUCAdV1eaSCFFyg5jirWFyubMDrKTdfCqpggwgfH2i,2025-12-31T22:47:10,7hZQ3QmsocJJLuHrw39R9XqZNzt4BmBBNVNSnvJExtqA,5cU5rbxAcpaGoPyms9jKoXQX5EiZzD3DNmwzbC3qE8Sd,100.050009,USD1ttGY1N17NEEHLmELoaybftRBUSErhqYiQzvEmuB,5002,True
5zRQLdYkehwf721NaM3Rpywq24AKwmbrwq9XST2zyPPNn6mUCAdV1eaSCFFyg5jirWFyubMDrKTdfCqpggwgfH2i,2025-12-31T22:47:10,5cU5rbxAcpaGoPyms9jKoXQX5EiZzD3DNmwzbC3qE8Sd,G8LqPHYAMcwP14CDgk9XsV9VdwpsW3aJ59VubwnyrJVr,100.050009,USD1ttGY1N17NEEHLmELoaybftRBUSErhqYiQzvEmuB,5002,True
5zRQLdYkehwf721NaM3Rpywq24AKwmbrwq9XST2zyPPNn6mUCAdV1eaSCFFyg5jirWFyubMDrKTdfCqpggwgfH2i,2025-12-31T22:47:10,G8LqPHYAMcwP14CDgk9XsV9VdwpsW3aJ59VubwnyrJVr,5cU5rbxAcpaGoPyms9jKoXQX5EiZzD3DNmwzbC3qE8Sd,0.801014219,So11111111111111111111111111111111111111112,5002,True
5zRQLdYkehwf721NaM3Rpywq24AKwmbrwq9XST2zyPPNn6mUCAdV1eaSCFFyg5jirWFyubMDrKTdfCqpggwgfH2i,2025-12-31T22:47:10,5cU5rbxAcpaGoPyms9jKoXQX5EiZzD3DNmwzbC3qE8Sd,4uWuh9fC7rrZKrN8ZdJf69MN1e2S7FPpMqcsyY1aof6K,0.801014219,So11111111111111111111111111111111111111112,5002,True
5zRQLdYkehwf721NaM3Rpywq24AKwmbrwq9XST2zyPPNn6mUCAdV1eaSCFFyg5jirWFyubMDrKTdfCqpggwgfH2i,2025-12-31T22:47:10,4uWuh9fC7rrZKrN8ZdJf69MN1e2S7FPpMqcsyY1aof6K,5cU5rbxAcpaGoPyms9jKoXQX5EiZzD3DNmwzbC3qE8Sd,100.004458,EPjFWdd5AufqSSqeM2qN1xzybapC8G4wEGGkZwyTDt1v,5002,True
5x3dcgpJdNR6CZvT2moNMbhsTTjeGQQvJfapq1kNdyp5r9FeKLk5iy9EisrpPCzwkswRmhte8tBDj1RQaMiBYQhh,2025-12-31T22:47:10,4W111nfvgbzQf7rciNtijXjh69LqjZvUwvHJNEiCVd9J,DE3NFjSmProiqj5rdpV6NqEmUtCDuYwV3CtxqYDLgVBB,1.028,So11111111111111111111111111111111111111112,10000,True
5x3dcgpJdNR6CZvT2moNMbhsTTjeGQQvJfapq1kNdyp5r9FeKLk5iy9EisrpPCzwkswRmhte8tBDj1RQaMiBYQhh,2025-12-31T22:47:10,DE3NFjSmProiqj5rdpV6NqEmUtCDuYwV3CtxqYDLgVBB,4W111nfvgbzQf7rciNtijXjh69LqjZvUwvHJNEiCVd9J,309211.738725,DMUAkzLGXwJaCKWLs4jgVdph7qBf88NeZ9u5KzCuDziJ,10000,True
5x3dcgpJdNR6CZvT2moNMbhsTTjeGQQvJfapq1kNdyp5r9FeKLk5iy9EisrpPCzwkswRmhte8tBDj1RQaMiBYQhh,2025-12-31T22:47:10,DE3NFjSmProiqj5rdpV6NqEmUtCDuYwV3CtxqYDLgVBB,9rPYyANsfQZw3DnDmKE3YCQF5E8oD89UXoHn9JFEhJUz,155.071083,DMUAkzLGXwJaCKWLs4jgVdph7qBf88NeZ9u5KzCuDziJ,10000,True
5x3dcgpJdNR6CZvT2moNMbhsTTjeGQQvJfapq1kNdyp5r9FeKLk5iy9EisrpPCzwkswRmhte8tBDj1RQaMiBYQhh,2025-12-31T22:47:10,DE3NFjSmProiqj5rdpV6NqEmUtCDuYwV3CtxqYDLgVBB,AgLNvjbT2RzEnHp6zuj1zU97tuSynf5ninDSVDnkYKMd,1.02543,So11111111111111111111111111111111111111112,10000,True
5x3dcgpJdNR6CZvT2moNMbhsTTjeGQQvJfapq1kNdyp5r9FeKLk5iy9EisrpPCzwkswRmhte8tBDj1RQaMiBYQhh,2025-12-31T22:47:10,AgLNvjbT2RzEnHp6zuj1zU97tuSynf5ninDSVDnkYKMd,DE3NFjSmProiqj5rdpV6NqEmUtCDuYwV3CtxqYDLgVBB,310140.226835,DMUAkzLGXwJaCKWLs4jgVdph7qBf88NeZ9u5KzCuDziJ,10000,True
5x3dcgpJdNR6CZvT2moNMbhsTTjeGQQvJfapq1kNdyp5r9FeKLk5iy9EisrpPCzwkswRmhte8tBDj1RQaMiBYQhh,2025-12-31T22:47:10,AgLNvjbT2RzEnHp6zuj1zU97tuSynf5ninDSVDnkYKMd,7hTckgnGnLQR6sdH7YkqFTAA7VwTfYFaZ6EhEsU3saCX,154.683405,DMUAkzLGXwJaCKWLs4jgVdph7qBf88NeZ9u5KzCuDziJ,10000,True
eEZ3vAkzfvhwJzDwAKGKEig4q4qCTJuP4o7G4G8a2NZ1fsZLdPneK9SCdBLwqtWXNmkQ12a12VoMD6ku9PyyRfC,2025-12-31T22:47:10,HG1VWqwigp3GZPm451aM1yACMkEes4Ukr4CvckJndhvW,HLnpSz9h2S4hiLQ43rnSD9XkcUThA7B8hQMKmDaiTLcC,0.018807165,So11111111111111111111111111111111111111112,7000,True
eEZ3vAkzfvhwJzDwAKGKEig4q4qCTJuP4o7G4G8a2NZ1fsZLdPneK9SCdBLwqtWXNmkQ12a12VoMD6ku9PyyRfC,2025-12-31T22:47:10,HLnpSz9h2S4hiLQ43rnSD9XkcUThA7B8hQMKmDaiTLcC,HG1VWqwigp3GZPm451aM1yACMkEes4Ukr4CvckJndhvW,1908.655315,FARr2mkEzaGWfxtxoUFdvjMKk5j9P2J4JwDJvfmJ4erw,7000,True
2srw5QirAUqyM3X7GLgL6NpYD2AJGMcQNmpPNLYgyuVLKtBjce7mPtxoNgxTKy5gy5pVZUqHiEVEivDgjopwUPRG,2025-12-31T22:47:10,3cEASajnZb5EYiHnmvvi5joazKtbwMEwm7uoePJHdtsx,HDDdh7VJw2CoYpBLByWwKgMjpYfbb1R9G28RCbVcVvEz,1.90626036,So11111111111111111111111111111111111111112,12600,True
2srw5QirAUqyM3X7GLgL6NpYD2AJGMcQNmpPNLYgyuVLKtBjce7mPtxoNgxTKy5gy5pVZUqHiEVEivDgjopwUPRG,2025-12-31T22:47:10,HDDdh7VJw2CoYpBLByWwKgMjpYfbb1R9G28RCbVcVvEz,3cEASajnZb5EYiHnmvvi5joazKtbwMEwm7uoePJHdtsx,1375235.809155,C7zc8aXBFr2KvcfyCGD45A68dKEEErxYkVnqwGGDMLS9,12600,True
2srw5QirAUqyM3X7GLgL6NpYD2AJGMcQNmpPNLYgyuVLKtBjce7mPtxoNgxTKy5gy5pVZUqHiEVEivDgjopwUPRG,2025-12-31T22:47:10,HDDdh7VJw2CoYpBLByWwKgMjpYfbb1R9G28RCbVcVvEz,JCRGumoE9Qi5BBgULTgdgTLjSgkCMSbF62ZZfGs84JeU,689.686966,C7zc8aXBFr2KvcfyCGD45A68dKEEErxYkVnqwGGDMLS9,12600,True
2srw5QirAUqyM3X7GLgL6NpYD2AJGMcQNmpPNLYgyuVLKtBjce7mPtxoNgxTKy5gy5pVZUqHiEVEivDgjopwUPRG,2025-12-31T22:47:10,HDDdh7VJw2CoYpBLByWwKgMjpYfbb1R9G28RCbVcVvEz,6kUXq36EXtTya2eddBjycGcNpsNQLnCkLrf69bHSvhxi,3.998593939,So11111111111111111111111111111111111111112,12600,True
2srw5QirAUqyM3X7GLgL6NpYD2AJGMcQNmpPNLYgyuVLKtBjce7mPtxoNgxTKy5gy5pVZUqHiEVEivDgjopwUPRG,2025-12-31T22:47:10,6kUXq36EXtTya2eddBjycGcNpsNQLnCkLrf69bHSvhxi,HDDdh7VJw2CoYpBLByWwKgMjpYfbb1R9G28RCbVcVvEz,2905759.765767,C7zc8aXBFr2KvcfyCGD45A68dKEEErxYkVnqwGGDMLS9,12600,True
2srw5QirAUqyM3X7GLgL6NpYD2AJGMcQNmpPNLYgyuVLKtBjce7mPtxoNgxTKy5gy5pVZUqHiEVEivDgjopwUPRG,2025-12-31T22:47:10,6kUXq36EXtTya2eddBjycGcNpsNQLnCkLrf69bHSvhxi,JCRGumoE9Qi5BBgULTgdgTLjSgkCMSbF62ZZfGs84JeU,1449.256742,C7zc8aXBFr2KvcfyCGD45A68dKEEErxYkVnqwGGDMLS9,12600,True
5twhGkSaS6WYrjfuMFM9BkUzcgbuZJwTXz2LggZGqX166jubSskEuJoaqKk9c8PXVVgQEZXdcvEfnSopnHitd5RX,2025-12-31T22:47:10,d9kddXBc14goBxomfoLYJUcfjxyEPc5Zz5vt2h1bqsb,HLnpSz9h2S4hiLQ43rnSD9XkcUThA7B8hQMKmDaiTLcC,0.013966303,So11111111111111111111111111111111111111112,7000,True
5twhGkSaS6WYrjfuMFM9BkUzcgbuZJwTXz2LggZGqX166jubSskEuJoaqKk9c8PXVVgQEZXdcvEfnSopnHitd5RX,2025-12-31T22:47:10,HLnpSz9h2S4hiLQ43rnSD9XkcUThA7B8hQMKmDaiTLcC,d9kddXBc14goBxomfoLYJUcfjxyEPc5Zz5vt2h1bqsb,1272.145954,9eLghToVWFaYdyuonAxdzcd2Kn7AzjTzx431KQrpUCoQ,7000,True
2SWSBYUtdVp8WmnmvaxcRUKqqfkEH6zkb6ftRLeSpWyirSmWnV9ifQSb9oCHfK8mCQqJ4Qt2JntCAbkVwHcbM858,2025-12-31T22:47:10,5Zm6GraYjpaNCoAnTpWThxzynVZvPM8DdcVvyK9vecKT,4ynTYgJK5ruYx3AZMRjCHrJk1qkm61fePF7dkbvRQD46,7.509008914,So11111111111111111111111111111111111111112,15336,True
2SWSBYUtdVp8WmnmvaxcRUKqqfkEH6zkb6ftRLeSpWyirSmWnV9ifQSb9oCHfK8mCQqJ4Qt2JntCAbkVwHcbM858,2025-12-31T22:47:10,4ynTYgJK5ruYx3AZMRjCHrJk1qkm61fePF7dkbvRQD46,5Zm6GraYjpaNCoAnTpWThxzynVZvPM8DdcVvyK9vecKT,937.459814,EPjFWdd5AufqSSqeM2qN1xzybapC8G4wEGGkZwyTDt1v,15336,True
2SWSBYUtdVp8WmnmvaxcRUKqqfkEH6zkb6ftRLeSpWyirSmWnV9ifQSb9oCHfK8mCQqJ4Qt2JntCAbkVwHcbM858,2025-12-31T22:47:10,5Zm6GraYjpaNCoAnTpWThxzynVZvPM8DdcVvyK9vecKT,EZAzVScHjYXpmSDkW4AmejWWQsXig6U7njyzaSZpxQNd,937.459814,EPjFWdd5AufqSSqeM2qN1xzybapC8G4wEGGkZwyTDt1v,15336,True
2SWSBYUtdVp8WmnmvaxcRUKqqfkEH6zkb6ftRLeSpWyirSmWnV9ifQSb9oCHfK8mCQqJ4Qt2JntCAbkVwHcbM858,2025-12-31T22:47:10,EZAzVScHjYXpmSDkW4AmejWWQsXig6U7njyzaSZpxQNd,5Zm6GraYjpaNCoAnTpWThxzynVZvPM8DdcVvyK9vecKT,0.31527836,7vfCXTUXx5WJV5JADk17DUJ4ksgau7utNKj4b963voxs,15336,True
2SWSBYUtdVp8WmnmvaxcRUKqqfkEH6zkb6ftRLeSpWyirSmWnV9ifQSb9oCHfK8mCQqJ4Qt2JntCAbkVwHcbM858,2025-12-31T22:47:10,5Zm6GraYjpaNCoAnTpWThxzynVZvPM8DdcVvyK9vecKT,HktfL7iwGKT5QHjywQkcDnZXScoh811k7akrMZJkCcEF,0.31527836,7vfCXTUXx5WJV5JADk17DUJ4ksgau7utNKj4b963voxs,15336,True
2SWSBYUtdVp8WmnmvaxcRUKqqfkEH6zkb6ftRLeSpWyirSmWnV9ifQSb9oCHfK8mCQqJ4Qt2JntCAbkVwHcbM858,2025-12-31T22:47:10,HktfL7iwGKT5QHjywQkcDnZXScoh811k7akrMZJkCcEF,5Zm6GraYjpaNCoAnTpWThxzynVZvPM8DdcVvyK9vecKT,7.509175998,So11111111111111111111111111111111111111112,15336,True
3cDzPixdZCdAZuji9jypCk47gHWgNNJHv15xfU282HVYgPBWZWcnSzV2y9wVmTNcF4ChyrMURDedqGpWWyPBmnXk,2025-12-31T22:47:10,EZNsYNJDhUdJewd1uehdyzUAMioMPhkq6NfEsw8Wv1VN,Y9FsY4cHqgKc5DVhpYFMJCvA5N6Y5PWWsSq2j6i36ax,0.311456138,So11111111111111111111111111111111111111112,1005000,True
3cDzPixdZCdAZuji9jypCk47gHWgNNJHv15xfU282HVYgPBWZWcnSzV2y9wVmTNcF4ChyrMURDedqGpWWyPBmnXk,2025-12-31T22:47:10,EZNsYNJDhUdJewd1uehdyzUAMioMPhkq6NfEsw8Wv1VN,7hTckgnGnLQR6sdH7YkqFTAA7VwTfYFaZ6EhEsU3saCX,0.002933208,So11111111111111111111111111111111111111112,1005000,True
3cDzPixdZCdAZuji9jypCk47gHWgNNJHv15xfU282HVYgPBWZWcnSzV2y9wVmTNcF4ChyrMURDedqGpWWyPBmnXk,2025-12-31T22:47:10,EZNsYNJDhUdJewd1uehdyzUAMioMPhkq6NfEsw8Wv1VN,5UbYHVVxXRBQ9hvZbAG7nPgbySzF5K3hBtzTyqFJ4ubQ,0.000946196,So11111111111111111111111111111111111111112,1005000,True
3cDzPixdZCdAZuji9jypCk47gHWgNNJHv15xfU282HVYgPBWZWcnSzV2y9wVmTNcF4ChyrMURDedqGpWWyPBmnXk,2025-12-31T22:47:10,Y9FsY4cHqgKc5DVhpYFMJCvA5N6Y5PWWsSq2j6i36ax,EZNsYNJDhUdJewd1uehdyzUAMioMPhkq6NfEsw8Wv1VN,1205105.906561,53RhCuRkSaih9ByfNXX7Fnbq71VJRymVQ8bnmC9wpump,1005000,True
5z6bN5qkY6ApbfTUqVxUu8B94buf2UySLy1S9Ks47amuy1v9KAHDcHqHdGZtwBpV53P61J47kpdfZiSxvvmTC4gt,2025-12-31T22:47:10,6NQxNKjqG7nybhudHzvdU3qhkb6pJjCpTX1zuqw6DhU8,uuKRpz5tWbxUzQfXDEa1t2uRCA8JBueokKss2USCFCG,1.166,So11111111111111111111111111111111111111112,10000,True
5z6bN5qkY6ApbfTUqVxUu8B94buf2UySLy1S9Ks47amuy1v9KAHDcHqHdGZtwBpV53P61J47kpdfZiSxvvmTC4gt,2025-12-31T22:47:10,uuKRpz5tWbxUzQfXDEa1t2uRCA8JBueokKss2USCFCG,6NQxNKjqG7nybhudHzvdU3qhkb6pJjCpTX1zuqw6DhU8,584221.350043,EubmSbNMsAmy34VJNDFhR8yts7uZHtAfXbAkaVnYwS7h,10000,True
5z6bN5qkY6ApbfTUqVxUu8B94buf2UySLy1S9Ks47amuy1v9KAHDcHqHdGZtwBpV53P61J47kpdfZiSxvvmTC4gt,2025-12-31T22:47:10,uuKRpz5tWbxUzQfXDEa1t2uRCA8JBueokKss2USCFCG,JCRGumoE9Qi5BBgULTgdgTLjSgkCMSbF62ZZfGs84JeU,292.989644,EubmSbNMsAmy34VJNDFhR8yts7uZHtAfXbAkaVnYwS7h,10000,True
5z6bN5qkY6ApbfTUqVxUu8B94buf2UySLy1S9Ks47amuy1v9KAHDcHqHdGZtwBpV53P61J47kpdfZiSxvvmTC4gt,2025-12-31T22:47:10,uuKRpz5tWbxUzQfXDEa1t2uRCA8JBueokKss2USCFCG,EZQiSmPiXnfQrJzCEqYS5f8NBhoTPro4jQznEGRkcP9R,1.153757,So11111111111111111111111111111111111111112,10000,True
5z6bN5qkY6ApbfTUqVxUu8B94buf2UySLy1S9Ks47amuy1v9KAHDcHqHdGZtwBpV53P61J47kpdfZiSxvvmTC4gt,2025-12-31T22:47:10,EZQiSmPiXnfQrJzCEqYS5f8NBhoTPro4jQznEGRkcP9R,uuKRpz5tWbxUzQfXDEa1t2uRCA8JBueokKss2USCFCG,581261.721569,EubmSbNMsAmy34VJNDFhR8yts7uZHtAfXbAkaVnYwS7h,10000,True
5z6bN5qkY6ApbfTUqVxUu8B94buf2UySLy1S9Ks47amuy1v9KAHDcHqHdGZtwBpV53P61J47kpdfZiSxvvmTC4gt,2025-12-31T22:47:10,EZQiSmPiXnfQrJzCEqYS5f8NBhoTPro4jQznEGRkcP9R,62qc2CNXwrYqQScmEdiZFFAnJR262PxWEuNQtxfafNgV,289.906096,EubmSbNMsAmy34VJNDFhR8yts7uZHtAfXbAkaVnYwS7h,10000,True
rac1ZftZ2ctmVLSRbGV2i63w3Z4x2vk4ZJbk7MpNQgE1fuNCLv8CP4srQkEapZkj8dTudjX6MqfWKKtz2wKUxGM,2025-12-31T22:47:10,YdqnFaRgLTCX4fVzAj3TKhpj6Tg76cULMDJzZrAk1Ws,CneFvLpqRSoG2s2bjsrirMVF6HyM7ERanzoJ31mBc4iE,1.173,So11111111111111111111111111111111111111112,10000,True
rac1ZftZ2ctmVLSRbGV2i63w3Z4x2vk4ZJbk7MpNQgE1fuNCLv8CP4srQkEapZkj8dTudjX6MqfWKKtz2wKUxGM,2025-12-31T22:47:10,CneFvLpqRSoG2s2bjsrirMVF6HyM7ERanzoJ31mBc4iE,YdqnFaRgLTCX4fVzAj3TKhpj6Tg76cULMDJzZrAk1Ws,388756.876394,8vqQbrsXLAi1tDozzm2ym5gPY9FHtQx4zBJYPoTwtkxn,10000,True
rac1ZftZ2ctmVLSRbGV2i63w3Z4x2vk4ZJbk7MpNQgE1fuNCLv8CP4srQkEapZkj8dTudjX6MqfWKKtz2wKUxGM,2025-12-31T22:47:10,CneFvLpqRSoG2s2bjsrirMVF6HyM7ERanzoJ31mBc4iE,9rPYyANsfQZw3DnDmKE3YCQF5E8oD89UXoHn9JFEhJUz,194.963329,8vqQbrsXLAi1tDozzm2ym5gPY9FHtQx4zBJYPoTwtkxn,10000,True
rac1ZftZ2ctmVLSRbGV2i63w3Z4x2vk4ZJbk7MpNQgE1fuNCLv8CP4srQkEapZkj8dTudjX6MqfWKKtz2wKUxGM,2025-12-31T22:47:10,CneFvLpqRSoG2s2bjsrirMVF6HyM7ERanzoJ31mBc4iE,44QfkBicwJjwpt63rnz864W9DcKtzKxD4nyXaLVLoM3o,1.1700675,So11111111111111111111111111111111111111112,10000,True
rac1ZftZ2ctmVLSRbGV2i63w3Z4x2vk4ZJbk7MpNQgE1fuNCLv8CP4srQkEapZkj8dTudjX6MqfWKKtz2wKUxGM,2025-12-31T22:47:10,44QfkBicwJjwpt63rnz864W9DcKtzKxD4nyXaLVLoM3o,CneFvLpqRSoG2s2bjsrirMVF6HyM7ERanzoJ31mBc4iE,389924.219324,8vqQbrsXLAi1tDozzm2ym5gPY9FHtQx4zBJYPoTwtkxn,10000,True
rac1ZftZ2ctmVLSRbGV2i63w3Z4x2vk4ZJbk7MpNQgE1fuNCLv8CP4srQkEapZkj8dTudjX6MqfWKKtz2wKUxGM,2025-12-31T22:47:10,44QfkBicwJjwpt63rnz864W9DcKtzKxD4nyXaLVLoM3o,7hTckgnGnLQR6sdH7YkqFTAA7VwTfYFaZ6EhEsU3saCX,194.47592,8vqQbrsXLAi1tDozzm2ym5gPY9FHtQx4zBJYPoTwtkxn,10000,True
3bsWgVnfdwfkbLWkKy8vQKHmE9hW42sM84PUDUefmG6rhETGE8jYbDiU5Pqggf8ZEduHgDUZvWLyFN6c5Mcmx3RS,2025-12-31T22:47:10,4u4Rt9CszH5dQVXJeZuBrR3d26iSYzQo5N8orGZS9FHs,CreQJ2t94QK5dsxUZGXfPJ8Nx7wA9LHr5chxjSMkbNft,5.3,EPjFWdd5AufqSSqeM2qN1xzybapC8G4wEGGkZwyTDt1v,10142,True
3bsWgVnfdwfkbLWkKy8vQKHmE9hW42sM84PUDUefmG6rhETGE8jYbDiU5Pqggf8ZEduHgDUZvWLyFN6c5Mcmx3RS,2025-12-31T22:47:10,CreQJ2t94QK5dsxUZGXfPJ8Nx7wA9LHr5chxjSMkbNft,CreQJ2t94QK5dsxUZGXfPJ8Nx7wA9LHr5chxjSMkbNft,0.042431952,So11111111111111111111111111111111111111112,10142,True
5NroACrmuixkAxXMNjeTgnENGR1bjkU8oWf7RWU6UCVNPVhZF3NujMNjENK4X7dZtRkyZQNRVsBDxqZz5sVDVj5R,2025-12-31T22:47:10,61yfAVS257Jgx7oMhUG5uZVZMbcnfuZM3JG3BYgdyfT4,4uWuh9fC7rrZKrN8ZdJf69MN1e2S7FPpMqcsyY1aof6K,1.581695934,So11111111111111111111111111111111111111112,5000,True
5NroACrmuixkAxXMNjeTgnENGR1bjkU8oWf7RWU6UCVNPVhZF3NujMNjENK4X7dZtRkyZQNRVsBDxqZz5sVDVj5R,2025-12-31T22:47:10,4uWuh9fC7rrZKrN8ZdJf69MN1e2S7FPpMqcsyY1aof6K,61yfAVS257Jgx7oMhUG5uZVZMbcnfuZM3JG3BYgdyfT4,197.466873,EPjFWdd5AufqSSqeM2qN1xzybapC8G4wEGGkZwyTDt1v,5000,True
5NroACrmuixkAxXMNjeTgnENGR1bjkU8oWf7RWU6UCVNPVhZF3NujMNjENK4X7dZtRkyZQNRVsBDxqZz5sVDVj5R,2025-12-31T22:47:10,61yfAVS257Jgx7oMhUG5uZVZMbcnfuZM3JG3BYgdyfT4,6NUiVmsNjsi4AfsMsEiaezsaV9N4N1ZrD4jEnuWNRvyb,197.466873,EPjFWdd5AufqSSqeM2qN1xzybapC8G4wEGGkZwyTDt1v,5000,True
5NroACrmuixkAxXMNjeTgnENGR1bjkU8oWf7RWU6UCVNPVhZF3NujMNjENK4X7dZtRkyZQNRVsBDxqZz5sVDVj5R,2025-12-31T22:47:10,6NUiVmsNjsi4AfsMsEiaezsaV9N4N1ZrD4jEnuWNRvyb,61yfAVS257Jgx7oMhUG5uZVZMbcnfuZM3JG3BYgdyfT4,43.640069,27G8MtK7VtTcCHkpASjSDdkWWYfoqT6ggEuKidVJidD4,5000,True
5NroACrmuixkAxXMNjeTgnENGR1bjkU8oWf7RWU6UCVNPVhZF3NujMNjENK4X7dZtRkyZQNRVsBDxqZz5sVDVj5R,2025-12-31T22:47:10,61yfAVS257Jgx7oMhUG5uZVZMbcnfuZM3JG3BYgdyfT4,6a3m2EgFFKfsFuQtP4LJJXPcAe3TQYXNyHUjjZpUxYgd,43.640069,27G8MtK7VtTcCHkpASjSDdkWWYfoqT6ggEuKidVJidD4,5000,True
5NroACrmuixkAxXMNjeTgnENGR1bjkU8oWf7RWU6UCVNPVhZF3NujMNjENK4X7dZtRkyZQNRVsBDxqZz5sVDVj5R,2025-12-31T22:47:10,6a3m2EgFFKfsFuQtP4LJJXPcAe3TQYXNyHUjjZpUxYgd,61yfAVS257Jgx7oMhUG5uZVZMbcnfuZM3JG3BYgdyfT4,1.581742493,So11111111111111111111111111111111111111112,5000,True
56HQNNiwK4Z11hVw6fCz93LAXUHB43xLkovcZ5PWzpd6m9SAESz1FnUju38eVQogWZrJjt62k3PqgC2814Kb2Rdt,2025-12-31T22:47:10,HV4XFBf7CRXVYCUvBb1j8vdLk4VrN7FoMbuxvgDewqce,HLnpSz9h2S4hiLQ43rnSD9XkcUThA7B8hQMKmDaiTLcC,13918.044182,7iqqxrwJ8mJN1cYdHyQfKtqfG2urk2nV7x7dpzUAURPg,16800,True
56HQNNiwK4Z11hVw6fCz93LAXUHB43xLkovcZ5PWzpd6m9SAESz1FnUju38eVQogWZrJjt62k3PqgC2814Kb2Rdt,2025-12-31T22:47:10,HLnpSz9h2S4hiLQ43rnSD9XkcUThA7B8hQMKmDaiTLcC,HV4XFBf7CRXVYCUvBb1j8vdLk4VrN7FoMbuxvgDewqce,0.119912624,So11111111111111111111111111111111111111112,16800,True
56HQNNiwK4Z11hVw6fCz93LAXUHB43xLkovcZ5PWzpd6m9SAESz1FnUju38eVQogWZrJjt62k3PqgC2814Kb2Rdt,2025-12-31T22:47:10,BnV68bzVq62qrsevJXj8CWJDs6f1frW5sjZ94Licdwkh,HLnpSz9h2S4hiLQ43rnSD9XkcUThA7B8hQMKmDaiTLcC,1136.386648,7iqqxrwJ8mJN1cYdHyQfKtqfG2urk2nV7x7dpzUAURPg,16800,True
56HQNNiwK4Z11hVw6fCz93LAXUHB43xLkovcZ5PWzpd6m9SAESz1FnUju38eVQogWZrJjt62k3PqgC2814Kb2Rdt,2025-12-31T22:47:10,HLnpSz9h2S4hiLQ43rnSD9XkcUThA7B8hQMKmDaiTLcC,BnV68bzVq62qrsevJXj8CWJDs6f1frW5sjZ94Licdwkh,0.009788746,So11111111111111111111111111111111111111112,16800,True
rmkzzZ4K5WRkM95yeHDY33MS5kSdLdT5yfi11vMtLZeT8vvjjXApS8gazUWyjhkmfYksyg3rrAVA39n31vyw2XF,2025-12-31T22:47:10,7DwKcLdaVR5iYXWTNebFtdty4tFcrFL9A2gyVuxRDrjK,HLnpSz9h2S4hiLQ43rnSD9XkcUThA7B8hQMKmDaiTLcC,4.081699581,So11111111111111111111111111111111111111112,11700,True
rmkzzZ4K5WRkM95yeHDY33MS5kSdLdT5yfi11vMtLZeT8vvjjXApS8gazUWyjhkmfYksyg3rrAVA39n31vyw2XF,2025-12-31T22:47:10,HLnpSz9h2S4hiLQ43rnSD9XkcUThA7B8hQMKmDaiTLcC,7DwKcLdaVR5iYXWTNebFtdty4tFcrFL9A2gyVuxRDrjK,6159274.160728,66adLfHvGrjYWLY3zTG5So6g6wbrVSFodGN493LXZ1T8,11700,True
rmkzzZ4K5WRkM95yeHDY33MS5kSdLdT5yfi11vMtLZeT8vvjjXApS8gazUWyjhkmfYksyg3rrAVA39n31vyw2XF,2025-12-31T22:47:10,E1Uv4PZVVuV4UtYN8a13mQS2uZ62sL74KahFuHAKdQdt,HLnpSz9h2S4hiLQ43rnSD9XkcUThA7B8hQMKmDaiTLcC,4723280.444829,66adLfHvGrjYWLY3zTG5So6g6wbrVSFodGN493LXZ1T8,11700,True
rmkzzZ4K5WRkM95yeHDY33MS5kSdLdT5yfi11vMtLZeT8vvjjXApS8gazUWyjhkmfYksyg3rrAVA39n31vyw2XF,2025-12-31T22:47:10,HLnpSz9h2S4hiLQ43rnSD9XkcUThA7B8hQMKmDaiTLcC,E1Uv4PZVVuV4UtYN8a13mQS2uZ62sL74KahFuHAKdQdt,3.121383071,So11111111111111111111111111111111111111112,11700,True
22rfAqZVZAQkaM6svTQjx6eK4eXaBGzNs169AVY3NWgMYyYKTEQQT39unxf2TBPLj5jP6qcc5qz3ae4yhUANVAfT,2025-12-31T22:47:10,AvGeFw71N5sNfV97mZ1uNrHg4yfufRicCJUrS9j2ehTX,enzog436vHy38bMhNR9XDENrvhxPK7y8wBQri852rhG,127.037868,EPjFWdd5AufqSSqeM2qN1xzybapC8G4wEGGkZwyTDt1v,7006,True
22rfAqZVZAQkaM6svTQjx6eK4eXaBGzNs169AVY3NWgMYyYKTEQQT39unxf2TBPLj5jP6qcc5qz3ae4yhUANVAfT,2025-12-31T22:47:10,enzog436vHy38bMhNR9XDENrvhxPK7y8wBQri852rhG,AvGeFw71N5sNfV97mZ1uNrHg4yfufRicCJUrS9j2ehTX,1.017537151,So11111111111111111111111111111111111111112,7006,True
22rfAqZVZAQkaM6svTQjx6eK4eXaBGzNs169AVY3NWgMYyYKTEQQT39unxf2TBPLj5jP6qcc5qz3ae4yhUANVAfT,2025-12-31T22:47:10,enzog436vHy38bMhNR9XDENrvhxPK7y8wBQri852rhG,CYbD9RaToYMtWKA7QZyoLahnHdWq553Vm62Lh6qWtuxq,127.037868,EPjFWdd5AufqSSqeM2qN1xzybapC8G4wEGGkZwyTDt1v,7006,True
22rfAqZVZAQkaM6svTQjx6eK4eXaBGzNs169AVY3NWgMYyYKTEQQT39unxf2TBPLj5jP6qcc5qz3ae4yhUANVAfT,2025-12-31T22:47:10,CYbD9RaToYMtWKA7QZyoLahnHdWq553Vm62Lh6qWtuxq,enzog436vHy38bMhNR9XDENrvhxPK7y8wBQri852rhG,1.017585062,So11111111111111111111111111111111111111112,7006,True
48se1rZYmamTcwa51fcVy7baEGQpCJuMnZXGDiDZZvxycUeS19NACC6741U5qmQtkADqygwJfUdEuhvzPnYvUAey,2025-12-31T22:47:10,enzog436vHy38bMhNR9XDENrvhxPK7y8wBQri852rhG,DJNtGuBGEQiUCWE8F981M2C3ZghZt2XLD8f2sQdZ6rsZ,243.133098,EPjFWdd5AufqSSqeM2qN1xzybapC8G4wEGGkZwyTDt1v,7023,True
48se1rZYmamTcwa51fcVy7baEGQpCJuMnZXGDiDZZvxycUeS19NACC6741U5qmQtkADqygwJfUdEuhvzPnYvUAey,2025-12-31T22:47:10,DJNtGuBGEQiUCWE8F981M2C3ZghZt2XLD8f2sQdZ6rsZ,enzog436vHy38bMhNR9XDENrvhxPK7y8wBQri852rhG,1.94747976,So11111111111111111111111111111111111111112,7023,True
48se1rZYmamTcwa51fcVy7baEGQpCJuMnZXGDiDZZvxycUeS19NACC6741U5qmQtkADqygwJfUdEuhvzPnYvUAey,2025-12-31T22:47:10,AvGeFw71N5sNfV97mZ1uNrHg4yfufRicCJUrS9j2ehTX,enzog436vHy38bMhNR9XDENrvhxPK7y8wBQri852rhG,243.139592,EPjFWdd5AufqSSqeM2qN1xzybapC8G4wEGGkZwyTDt1v,7023,True
48se1rZYmamTcwa51fcVy7baEGQpCJuMnZXGDiDZZvxycUeS19NACC6741U5qmQtkADqygwJfUdEuhvzPnYvUAey,2025-12-31T22:47:10,enzog436vHy38bMhNR9XDENrvhxPK7y8wBQri852rhG,AvGeFw71N5sNfV97mZ1uNrHg4yfufRicCJUrS9j2ehTX,1.94747976,So11111111111111111111111111111111111111112,7023,True
2HXN9Cj1rBp5c6TgNkYUbhMrZ8qrpK4ZbL3eoRoo9LVwNajcwRgCcAcsd9aiagYffuHf4uANxRqa32Y15dUHD263,2025-12-31T22:47:10,EiJBRg1HDpewu5AipgSDSLewwrDTNxY7q3NWGPK6cmjj,HLnpSz9h2S4hiLQ43rnSD9XkcUThA7B8hQMKmDaiTLcC,2.142990891,So11111111111111111111111111111111111111112,11700,True
2HXN9Cj1rBp5c6TgNkYUbhMrZ8qrpK4ZbL3eoRoo9LVwNajcwRgCcAcsd9aiagYffuHf4uANxRqa32Y15dUHD263,2025-12-31T22:47:10,HLnpSz9h2S4hiLQ43rnSD9XkcUThA7B8hQMKmDaiTLcC,EiJBRg1HDpewu5AipgSDSLewwrDTNxY7q3NWGPK6cmjj,3150394.750215,7rVDBocymnG9pSVV6ru4L3K8M3Qjks4CTSDYLMmJv7vL,11700,True
2HXN9Cj1rBp5c6TgNkYUbhMrZ8qrpK4ZbL3eoRoo9LVwNajcwRgCcAcsd9aiagYffuHf4uANxRqa32Y15dUHD263,2025-12-31T22:47:10,4zyyFJCTgzZ4armTwRqRJVJdHuf3u91RAjNuGVeKvtgN,HLnpSz9h2S4hiLQ43rnSD9XkcUThA7B8hQMKmDaiTLcC,4820039.302227,7rVDBocymnG9pSVV6ru4L3K8M3Qjks4CTSDYLMmJv7vL,11700,True
2HXN9Cj1rBp5c6TgNkYUbhMrZ8qrpK4ZbL3eoRoo9LVwNajcwRgCcAcsd9aiagYffuHf4uANxRqa32Y15dUHD263,2025-12-31T22:47:10,HLnpSz9h2S4hiLQ43rnSD9XkcUThA7B8hQMKmDaiTLcC,4zyyFJCTgzZ4armTwRqRJVJdHuf3u91RAjNuGVeKvtgN,3.252504546,So11111111111111111111111111111111111111112,11700,True
212qaKFRmnNBLbKKzKQyv1YHBH32DACEbDALe385s4cULMN5dagZkRwS65PtBw75QyGajd89cDHfUcKyQ2xojdwq,2025-12-31T22:47:10,5KqohoeGjTjyHAFJJywK4J7fkFuK82PfMyuseGgLKZu2,9TXFVx8N9dPneS3ETRt8KWtUXLRUsz6j6JM3bEXqkR3Z,1.088240979,So11111111111111111111111111111111111111112,5007,True
212qaKFRmnNBLbKKzKQyv1YHBH32DACEbDALe385s4cULMN5dagZkRwS65PtBw75QyGajd89cDHfUcKyQ2xojdwq,2025-12-31T22:47:10,9TXFVx8N9dPneS3ETRt8KWtUXLRUsz6j6JM3bEXqkR3Z,JAVj73fdncxHNkJpH5KZ5fdU5cCNnMwxtEEvjCwt3BEn,135.864334,EPjFWdd5AufqSSqeM2qN1xzybapC8G4wEGGkZwyTDt1v,5007,True
212qaKFRmnNBLbKKzKQyv1YHBH32DACEbDALe385s4cULMN5dagZkRwS65PtBw75QyGajd89cDHfUcKyQ2xojdwq,2025-12-31T22:47:10,AvGeFw71N5sNfV97mZ1uNrHg4yfufRicCJUrS9j2ehTX,9TXFVx8N9dPneS3ETRt8KWtUXLRUsz6j6JM3bEXqkR3Z,135.865142,EPjFWdd5AufqSSqeM2qN1xzybapC8G4wEGGkZwyTDt1v,5007,True
212qaKFRmnNBLbKKzKQyv1YHBH32DACEbDALe385s4cULMN5dagZkRwS65PtBw75QyGajd89cDHfUcKyQ2xojdwq,2025-12-31T22:47:10,9TXFVx8N9dPneS3ETRt8KWtUXLRUsz6j6JM3bEXqkR3Z,AvGeFw71N5sNfV97mZ1uNrHg4yfufRicCJUrS9j2ehTX,1.088240979,So11111111111111111111111111111111111111112,5007,True
212qaKFRmnNBLbKKzKQyv1YHBH32DACEbDALe385s4cULMN5dagZkRwS65PtBw75QyGajd89cDHfUcKyQ2xojdwq,2025-12-31T22:47:10,2ovNVDzhRTXyijrs38rbhEyw7XDPvRXHHr7hvPDv5aRs,9TXFVx8N9dPneS3ETRt8KWtUXLRUsz6j6JM3bEXqkR3Z,135.857391,2u1tszSeqZ3qBWF3uNGPFc8TzMk2tdiwknnRMWGWjGWH,5007,True
212qaKFRmnNBLbKKzKQyv1YHBH32DACEbDALe385s4cULMN5dagZkRwS65PtBw75QyGajd89cDHfUcKyQ2xojdwq,2025-12-31T22:47:10,9TXFVx8N9dPneS3ETRt8KWtUXLRUsz6j6JM3bEXqkR3Z,5KqohoeGjTjyHAFJJywK4J7fkFuK82PfMyuseGgLKZu2,135.857391,2u1tszSeqZ3qBWF3uNGPFc8TzMk2tdiwknnRMWGWjGWH,5007,True
3gRA6CATFFj1y3dMsDDNHEVZ3U5AQ9rsj7BtLBkLjfDoWJ2vvqM8vLRfB7aZF1WBbVEsJEpegGqRRPFDzN7Ve2gA,2025-12-31T22:47:10,GtLUBJRUrJxVVTGJNZ2J1Yja1hNUUxAjJBFoBLYDaWwG,HLnpSz9h2S4hiLQ43rnSD9XkcUThA7B8hQMKmDaiTLcC,675154.051233,GQdWTDNcYwW2nHoYrtQpg3kTG35x4Dp5AiykzijTg244,5000,True
3gRA6CATFFj1y3dMsDDNHEVZ3U5AQ9rsj7BtLBkLjfDoWJ2vvqM8vLRfB7aZF1WBbVEsJEpegGqRRPFDzN7Ve2gA,2025-12-31T22:47:10,HLnpSz9h2S4hiLQ43rnSD9XkcUThA7B8hQMKmDaiTLcC,GtLUBJRUrJxVVTGJNZ2J1Yja1hNUUxAjJBFoBLYDaWwG,0.207483898,So11111111111111111111111111111111111111112,5000,True
3UafxDeMMMGdFTvHMJ2qgCgi5Sw5FVBgZSt6uSd6SFWCqgusaEzEfDWydn1ozZBKXpePJQgv1xXMHrx4D9w3KdKz,2025-12-31T22:47:10,G6kdivc7NcYwmb7KfCZqU4ZmZtfMH6Lg1ovDQbXh5r3y,3tosHeYMRrTdFPY4VBaHDDvb8NprJrsNAggdyjNcfCmj,337919.309189,7gZpzbe8RsP6JuuNr1x4iqTwfyUDuDv44HPrCCk8QCdP,80001,True
3UafxDeMMMGdFTvHMJ2qgCgi5Sw5FVBgZSt6uSd6SFWCqgusaEzEfDWydn1ozZBKXpePJQgv1xXMHrx4D9w3KdKz,2025-12-31T22:47:10,3tosHeYMRrTdFPY4VBaHDDvb8NprJrsNAggdyjNcfCmj,G6kdivc7NcYwmb7KfCZqU4ZmZtfMH6Lg1ovDQbXh5r3y,0.251372196,So11111111111111111111111111111111111111112,80001,True
3UafxDeMMMGdFTvHMJ2qgCgi5Sw5FVBgZSt6uSd6SFWCqgusaEzEfDWydn1ozZBKXpePJQgv1xXMHrx4D9w3KdKz,2025-12-31T22:47:10,3tosHeYMRrTdFPY4VBaHDDvb8NprJrsNAggdyjNcfCmj,7VtfL8fvgNfhz17qKRMjzQEXgbdpnHHHQRh54R9jP2RJ,0.000127213,So11111111111111111111111111111111111111112,80001,True
3UafxDeMMMGdFTvHMJ2qgCgi5Sw5FVBgZSt6uSd6SFWCqgusaEzEfDWydn1ozZBKXpePJQgv1xXMHrx4D9w3KdKz,2025-12-31T22:47:10,3tosHeYMRrTdFPY4VBaHDDvb8NprJrsNAggdyjNcfCmj,ag4N7iyRPZpg4zCvZB9bJ7PBcbqiEKYQ9twSrJvnb1E,0.002417041,So11111111111111111111111111111111111111112,80001,True
3UafxDeMMMGdFTvHMJ2qgCgi5Sw5FVBgZSt6uSd6SFWCqgusaEzEfDWydn1ozZBKXpePJQgv1xXMHrx4D9w3KdKz,2025-12-31T22:47:10,G6kdivc7NcYwmb7KfCZqU4ZmZtfMH6Lg1ovDQbXh5r3y,9yj3zvLS3fDMqi1F8zhkaWfq8TZpZWHe6cz1Sgt7djXf,0.002136663,So11111111111111111111111111111111111111112,80001,True
3UafxDeMMMGdFTvHMJ2qgCgi5Sw5FVBgZSt6uSd6SFWCqgusaEzEfDWydn1ozZBKXpePJQgv1xXMHrx4D9w3KdKz,2025-12-31T22:47:10,G6kdivc7NcYwmb7KfCZqU4ZmZtfMH6Lg1ovDQbXh5r3y,9yj3zvLS3fDMqi1F8zhkaWfq8TZpZWHe6cz1Sgt7djXf,0.001454771,So11111111111111111111111111111111111111112,80001,True
DzA7oHCYjPxpWtANLhLw6JhCfha4Kjvjg6Y6LxTUX5JaMsAzZxFTwL6JTcaRvMS7zNq1bWehmMi7VNGUBRvHD3R,2025-12-31T22:47:10,B8GhrYi6Ry36h8FpHVoMNAPhq93rXBE37h22fJSzNrqj,AZe3D7WYCKynLfGyJ8g8vXRytXRjGQG185fEDkGqgADB,4.063376386,So11111111111111111111111111111111111111112,12600,True
DzA7oHCYjPxpWtANLhLw6JhCfha4Kjvjg6Y6LxTUX5JaMsAzZxFTwL6JTcaRvMS7zNq1bWehmMi7VNGUBRvHD3R,2025-12-31T22:47:10,AZe3D7WYCKynLfGyJ8g8vXRytXRjGQG185fEDkGqgADB,B8GhrYi6Ry36h8FpHVoMNAPhq93rXBE37h22fJSzNrqj,5791727.562093,9oqwZx9YFV4ZqXoPgwfwHZmWe7kcQN2eLoz8UUjxmwoS,12600,True
DzA7oHCYjPxpWtANLhLw6JhCfha4Kjvjg6Y6LxTUX5JaMsAzZxFTwL6JTcaRvMS7zNq1bWehmMi7VNGUBRvHD3R,2025-12-31T22:47:10,AZe3D7WYCKynLfGyJ8g8vXRytXRjGQG185fEDkGqgADB,JCRGumoE9Qi5BBgULTgdgTLjSgkCMSbF62ZZfGs84JeU,2904.577514,9oqwZx9YFV4ZqXoPgwfwHZmWe7kcQN2eLoz8UUjxmwoS,12600,True
DzA7oHCYjPxpWtANLhLw6JhCfha4Kjvjg6Y6LxTUX5JaMsAzZxFTwL6JTcaRvMS7zNq1bWehmMi7VNGUBRvHD3R,2025-12-31T22:47:10,AZe3D7WYCKynLfGyJ8g8vXRytXRjGQG185fEDkGqgADB,D5qb4wb3y2or1bgJd19M6JN2GuEDg97Yicpu3LhKHSqQ,4.269145002,So11111111111111111111111111111111111111112,12600,True
DzA7oHCYjPxpWtANLhLw6JhCfha4Kjvjg6Y6LxTUX5JaMsAzZxFTwL6JTcaRvMS7zNq1bWehmMi7VNGUBRvHD3R,2025-12-31T22:47:10,D5qb4wb3y2or1bgJd19M6JN2GuEDg97Yicpu3LhKHSqQ,AZe3D7WYCKynLfGyJ8g8vXRytXRjGQG185fEDkGqgADB,6121849.29146,9oqwZx9YFV4ZqXoPgwfwHZmWe7kcQN2eLoz8UUjxmwoS,12600,True
DzA7oHCYjPxpWtANLhLw6JhCfha4Kjvjg6Y6LxTUX5JaMsAzZxFTwL6JTcaRvMS7zNq1bWehmMi7VNGUBRvHD3R,2025-12-31T22:47:10,D5qb4wb3y2or1bgJd19M6JN2GuEDg97Yicpu3LhKHSqQ,JCRGumoE9Qi5BBgULTgdgTLjSgkCMSbF62ZZfGs84JeU,3053.291418,9oqwZx9YFV4ZqXoPgwfwHZmWe7kcQN2eLoz8UUjxmwoS,12600,True
2bdkJtTTC45jdzU9Q4HKgA8pN19wvEdf3J9qsCE2Hk3nZEMNveJGa1gdGQcVQhpGamvdsKhvvywvgbV1EJcCf37a,2025-12-31T22:47:10,enzog436vHy38bMhNR9XDENrvhxPK7y8wBQri852rhG,9GTj99g9tbz9U6UYDsX6YeRTgUnkYG6GTnHv3qLa5aXq,129.215559,EPjFWdd5AufqSSqeM2qN1xzybapC8G4wEGGkZwyTDt1v,7001,True
2bdkJtTTC45jdzU9Q4HKgA8pN19wvEdf3J9qsCE2Hk3nZEMNveJGa1gdGQcVQhpGamvdsKhvvywvgbV1EJcCf37a,2025-12-31T22:47:10,9GTj99g9tbz9U6UYDsX6YeRTgUnkYG6GTnHv3qLa5aXq,enzog436vHy38bMhNR9XDENrvhxPK7y8wBQri852rhG,1.035042912,So11111111111111111111111111111111111111112,7001,True
2bdkJtTTC45jdzU9Q4HKgA8pN19wvEdf3J9qsCE2Hk3nZEMNveJGa1gdGQcVQhpGamvdsKhvvywvgbV1EJcCf37a,2025-12-31T22:47:10,FksffEqnBRixYGR791Qw2MgdU7zNCpHVFYBL4Fa4qVuH,enzog436vHy38bMhNR9XDENrvhxPK7y8wBQri852rhG,129.215559,EPjFWdd5AufqSSqeM2qN1xzybapC8G4wEGGkZwyTDt1v,7001,True
2bdkJtTTC45jdzU9Q4HKgA8pN19wvEdf3J9qsCE2Hk3nZEMNveJGa1gdGQcVQhpGamvdsKhvvywvgbV1EJcCf37a,2025-12-31T22:47:10,enzog436vHy38bMhNR9XDENrvhxPK7y8wBQri852rhG,FksffEqnBRixYGR791Qw2MgdU7zNCpHVFYBL4Fa4qVuH,1.035028943,So11111111111111111111111111111111111111112,7001,True
4AwypEV9cbdGvmAhRC6txm5DBD6Ji7DYBq6zLgjkaDTapcaUrv9npWe24ZGax71MHMUKfL1d7wT4ZcT8Dr3z9Wac,2025-12-31T22:47:10,36jRPSYMCkoJ1JYiwQDBv5D8DrTpMiTbi9JRSS3A3xNA,HLnpSz9h2S4hiLQ43rnSD9XkcUThA7B8hQMKmDaiTLcC,0.005235,So11111111111111111111111111111111111111112,16800,True
4AwypEV9cbdGvmAhRC6txm5DBD6Ji7DYBq6zLgjkaDTapcaUrv9npWe24ZGax71MHMUKfL1d7wT4ZcT8Dr3z9Wac,2025-12-31T22:47:10,HLnpSz9h2S4hiLQ43rnSD9XkcUThA7B8hQMKmDaiTLcC,36jRPSYMCkoJ1JYiwQDBv5D8DrTpMiTbi9JRSS3A3xNA,604.463761,7iqqxrwJ8mJN1cYdHyQfKtqfG2urk2nV7x7dpzUAURPg,16800,True
4AwypEV9cbdGvmAhRC6txm5DBD6Ji7DYBq6zLgjkaDTapcaUrv9npWe24ZGax71MHMUKfL1d7wT4ZcT8Dr3z9Wac,2025-12-31T22:47:10,GHMRTfgpVvExxPQ9J1TnPmpnDmWR9NUdepFdmmzbz6NJ,HLnpSz9h2S4hiLQ43rnSD9XkcUThA7B8hQMKmDaiTLcC,855.457173,7iqqxrwJ8mJN1cYdHyQfKtqfG2urk2nV7x7dpzUAURPg,16800,True
4AwypEV9cbdGvmAhRC6txm5DBD6Ji7DYBq6zLgjkaDTapcaUrv9npWe24ZGax71MHMUKfL1d7wT4ZcT8Dr3z9Wac,2025-12-31T22:47:10,HLnpSz9h2S4hiLQ43rnSD9XkcUThA7B8hQMKmDaiTLcC,GHMRTfgpVvExxPQ9J1TnPmpnDmWR9NUdepFdmmzbz6NJ,0.007371724,So11111111111111111111111111111111111111112,16800,True
2yEXzvfGzXh1nsPT63cCwYsiXJCQMuYSQAX2uUtbXUwN92BpWuRghrxADqmn45zGhzvpHisy8BwcLuAe3ytQZTJu,2025-12-31T22:47:10,8pEHLnZka2kXCXGQjazRYispeo7iUvTabQfB8NbH9HSK,C55XPxUBJtUHG19cbsGypVUiGgHMxLtC7Xq7d1sG2Bkn,1.547956933,So11111111111111111111111111111111111111112,5000,True
2yEXzvfGzXh1nsPT63cCwYsiXJCQMuYSQAX2uUtbXUwN92BpWuRghrxADqmn45zGhzvpHisy8BwcLuAe3ytQZTJu,2025-12-31T22:47:10,C55XPxUBJtUHG19cbsGypVUiGgHMxLtC7Xq7d1sG2Bkn,8pEHLnZka2kXCXGQjazRYispeo7iUvTabQfB8NbH9HSK,768.207553,BUGEvTsmgjimZRBX4iJ67bpUaTBfgPTzbKkpdzuDMH8n,5000,True
2yEXzvfGzXh1nsPT63cCwYsiXJCQMuYSQAX2uUtbXUwN92BpWuRghrxADqmn45zGhzvpHisy8BwcLuAe3ytQZTJu,2025-12-31T22:47:10,C55XPxUBJtUHG19cbsGypVUiGgHMxLtC7Xq7d1sG2Bkn,G5UZAVbAf46s7cKWoyKu8kYTip9DGTpbLZ2qa9Aq69dP,0.383146,BUGEvTsmgjimZRBX4iJ67bpUaTBfgPTzbKkpdzuDMH8n,5000,True
Yek66HBXo9nfozPZVKoWq8WZtCYFLQvxRRGwZnz2fxkUmkfuDenTCj1Pd88Z6EHWWZBVWKA8DtbTLAJWGVv1mSV,2025-12-31T22:47:10,Hd9WynEiPJrLoj9ZG3YT2fcUMC1qjzg8vDebayCBae5U,8pEHLnZka2kXCXGQjazRYispeo7iUvTabQfB8NbH9HSK,1.095858259,So11111111111111111111111111111111111111112,5000,True
Yek66HBXo9nfozPZVKoWq8WZtCYFLQvxRRGwZnz2fxkUmkfuDenTCj1Pd88Z6EHWWZBVWKA8DtbTLAJWGVv1mSV,2025-12-31T22:47:10,8pEHLnZka2kXCXGQjazRYispeo7iUvTabQfB8NbH9HSK,Hd9WynEiPJrLoj9ZG3YT2fcUMC1qjzg8vDebayCBae5U,540.184425,BUGEvTsmgjimZRBX4iJ67bpUaTBfgPTzbKkpdzuDMH8n,5000,True
Yek66HBXo9nfozPZVKoWq8WZtCYFLQvxRRGwZnz2fxkUmkfuDenTCj1Pd88Z6EHWWZBVWKA8DtbTLAJWGVv1mSV,2025-12-31T22:47:10,8pEHLnZka2kXCXGQjazRYispeo7iUvTabQfB8NbH9HSK,G5UZAVbAf46s7cKWoyKu8kYTip9DGTpbLZ2qa9Aq69dP,0.270905,BUGEvTsmgjimZRBX4iJ67bpUaTBfgPTzbKkpdzuDMH8n,5000,True
2i5uZ7VTFQDJ9zNwUHkC2ieBkE7TTmHLi9NMHRiKnPtmHUcoma42DMhELYqrhQNCLnrPAb7b16mG1mQFRUHAWXJc,2025-12-31T22:47:10,5Zm6GraYjpaNCoAnTpWThxzynVZvPM8DdcVvyK9vecKT,53RSBX3tsax8KLnEhm8ahScK1khySNPhHFSTPoZpZq2J,63.781605,27G8MtK7VtTcCHkpASjSDdkWWYfoqT6ggEuKidVJidD4,9616,True
2i5uZ7VTFQDJ9zNwUHkC2ieBkE7TTmHLi9NMHRiKnPtmHUcoma42DMhELYqrhQNCLnrPAb7b16mG1mQFRUHAWXJc,2025-12-31T22:47:10,53RSBX3tsax8KLnEhm8ahScK1khySNPhHFSTPoZpZq2J,5Zm6GraYjpaNCoAnTpWThxzynVZvPM8DdcVvyK9vecKT,2.311843119,So11111111111111111111111111111111111111112,9616,True
2i5uZ7VTFQDJ9zNwUHkC2ieBkE7TTmHLi9NMHRiKnPtmHUcoma42DMhELYqrhQNCLnrPAb7b16mG1mQFRUHAWXJc,2025-12-31T22:47:10,5Zm6GraYjpaNCoAnTpWThxzynVZvPM8DdcVvyK9vecKT,6NUiVmsNjsi4AfsMsEiaezsaV9N4N1ZrD4jEnuWNRvyb,288.601229,EPjFWdd5AufqSSqeM2qN1xzybapC8G4wEGGkZwyTDt1v,9616,True
2i5uZ7VTFQDJ9zNwUHkC2ieBkE7TTmHLi9NMHRiKnPtmHUcoma42DMhELYqrhQNCLnrPAb7b16mG1mQFRUHAWXJc,2025-12-31T22:47:10,6NUiVmsNjsi4AfsMsEiaezsaV9N4N1ZrD4jEnuWNRvyb,5Zm6GraYjpaNCoAnTpWThxzynVZvPM8DdcVvyK9vecKT,63.781605,27G8MtK7VtTcCHkpASjSDdkWWYfoqT6ggEuKidVJidD4,9616,True
2i5uZ7VTFQDJ9zNwUHkC2ieBkE7TTmHLi9NMHRiKnPtmHUcoma42DMhELYqrhQNCLnrPAb7b16mG1mQFRUHAWXJc,2025-12-31T22:47:10,5Zm6GraYjpaNCoAnTpWThxzynVZvPM8DdcVvyK9vecKT,4ynTYgJK5ruYx3AZMRjCHrJk1qkm61fePF7dkbvRQD46,2.311843119,So11111111111111111111111111111111111111112,9616,True
2i5uZ7VTFQDJ9zNwUHkC2ieBkE7TTmHLi9NMHRiKnPtmHUcoma42DMhELYqrhQNCLnrPAb7b16mG1mQFRUHAWXJc,2025-12-31T22:47:10,4ynTYgJK5ruYx3AZMRjCHrJk1qkm61fePF7dkbvRQD46,5Zm6GraYjpaNCoAnTpWThxzynVZvPM8DdcVvyK9vecKT,288.619327,EPjFWdd5AufqSSqeM2qN1xzybapC8G4wEGGkZwyTDt1v,9616,True
33emAPKhiG67PLm3WP6DzLvo4D3bFUM5w5TEdM14BZptZtRfdAbypsSxpLxN4EsyTVdda4tqYmEj1dC6coMbUTGf,2025-12-31T22:47:10,BFt1g8unkJaKvUcQjk5D1aYkMFbFy5i9iyq9iURy8UsQ,HLnpSz9h2S4hiLQ43rnSD9XkcUThA7B8hQMKmDaiTLcC,0.046428445,So11111111111111111111111111111111111111112,11000,True
33emAPKhiG67PLm3WP6DzLvo4D3bFUM5w5TEdM14BZptZtRfdAbypsSxpLxN4EsyTVdda4tqYmEj1dC6coMbUTGf,2025-12-31T22:47:10,HLnpSz9h2S4hiLQ43rnSD9XkcUThA7B8hQMKmDaiTLcC,BFt1g8unkJaKvUcQjk5D1aYkMFbFy5i9iyq9iURy8UsQ,4377.086461,A2LWysghxPP6W8bBTVttNqMhz3xG8FD5cS6eMyfoZVxz,11000,True
3VztB7YobxZjFTZVsTaeqDZUcCYcrcyxXNTwiRNdLkzB7qs3YwQibQJoYBhDm6ccybEhWDPFudsV4UB6DXTLpnZm,2025-12-31T22:47:10,EUmAvpajwKTZWxvrb4EbHBTVQKGrbbEmQ2cNFbtQ1Ens,HLnpSz9h2S4hiLQ43rnSD9XkcUThA7B8hQMKmDaiTLcC,4.306322869,So11111111111111111111111111111111111111112,15100,True
3VztB7YobxZjFTZVsTaeqDZUcCYcrcyxXNTwiRNdLkzB7qs3YwQibQJoYBhDm6ccybEhWDPFudsV4UB6DXTLpnZm,2025-12-31T22:47:10,HLnpSz9h2S4hiLQ43rnSD9XkcUThA7B8hQMKmDaiTLcC,EUmAvpajwKTZWxvrb4EbHBTVQKGrbbEmQ2cNFbtQ1Ens,2740864.153053,EHZNMjN5sxwAyRuaXW1fPd7Ss8EH5aE2YwQz2rCZzcPB,15100,True
3VztB7YobxZjFTZVsTaeqDZUcCYcrcyxXNTwiRNdLkzB7qs3YwQibQJoYBhDm6ccybEhWDPFudsV4UB6DXTLpnZm,2025-12-31T22:47:10,9E9BTrGBNtvgb2pb1BNSEbGg6bAK8PeKCf3DKdPgKjZo,HLnpSz9h2S4hiLQ43rnSD9XkcUThA7B8hQMKmDaiTLcC,2543688.298936,EHZNMjN5sxwAyRuaXW1fPd7Ss8EH5aE2YwQz2rCZzcPB,15100,True
3VztB7YobxZjFTZVsTaeqDZUcCYcrcyxXNTwiRNdLkzB7qs3YwQibQJoYBhDm6ccybEhWDPFudsV4UB6DXTLpnZm,2025-12-31T22:47:10,HLnpSz9h2S4hiLQ43rnSD9XkcUThA7B8hQMKmDaiTLcC,9E9BTrGBNtvgb2pb1BNSEbGg6bAK8PeKCf3DKdPgKjZo,3.978905869,So11111111111111111111111111111111111111112,15100,True
3RkHkgjUwvKnpbCTdagZuCykEU6NZY4QiUdcKxeLndD2tg8NsomQqQZ4Lsx9KBexcxjdQpSG57VK8hibvVs5JXhX,2025-12-31T22:47:10,HLnpSz9h2S4hiLQ43rnSD9XkcUThA7B8hQMKmDaiTLcC,CviNeCfJS6hjktqsoHUnHke4T8anxd5CqSkEG5LED2BX,1.029643504,So11111111111111111111111111111111111111112,5000,True
3RkHkgjUwvKnpbCTdagZuCykEU6NZY4QiUdcKxeLndD2tg8NsomQqQZ4Lsx9KBexcxjdQpSG57VK8hibvVs5JXhX,2025-12-31T22:47:10,CviNeCfJS6hjktqsoHUnHke4T8anxd5CqSkEG5LED2BX,HLnpSz9h2S4hiLQ43rnSD9XkcUThA7B8hQMKmDaiTLcC,46684.293624,7GBZw9RVXCtx5jc3srRFe3heb7jJXU9gLQnxmyUqbazE,5000,True
41JxgdF9wwc6oe5SwMquQfCNna48mZypF9FXYWF96JmCsVxHXcu4rTm5URzyehANdjrvSRk4nft6jtyYUDxyMG2q,2025-12-31T22:47:10,2dRR9CaNrEsHm3UqZacEf8AoDuDx4NGQyMhGxG71NzkN,6cDtJkcJKFEsGDhptmgvy3XtbwyRqnW3GoGcmnwVzJ7U,977.942121,JUPyiwrYJFskUPiHa7hkeR8VUtAeFoSYbKedZNsDvCN,5000,True
41JxgdF9wwc6oe5SwMquQfCNna48mZypF9FXYWF96JmCsVxHXcu4rTm5URzyehANdjrvSRk4nft6jtyYUDxyMG2q,2025-12-31T22:47:10,6cDtJkcJKFEsGDhptmgvy3XtbwyRqnW3GoGcmnwVzJ7U,2dRR9CaNrEsHm3UqZacEf8AoDuDx4NGQyMhGxG71NzkN,1.165225166,bSo13r4TkiE4KumL71LsHTPpL2euBYLFx6h9HP3piy1,5000,True
41JxgdF9wwc6oe5SwMquQfCNna48mZypF9FXYWF96JmCsVxHXcu4rTm5URzyehANdjrvSRk4nft6jtyYUDxyMG2q,2025-12-31T22:47:10,2dRR9CaNrEsHm3UqZacEf8AoDuDx4NGQyMhGxG71NzkN,4uWuh9fC7rrZKrN8ZdJf69MN1e2S7FPpMqcsyY1aof6K,1.47614128,So11111111111111111111111111111111111111112,5000,True
41JxgdF9wwc6oe5SwMquQfCNna48mZypF9FXYWF96JmCsVxHXcu4rTm5URzyehANdjrvSRk4nft6jtyYUDxyMG2q,2025-12-31T22:47:10,4uWuh9fC7rrZKrN8ZdJf69MN1e2S7FPpMqcsyY1aof6K,2dRR9CaNrEsHm3UqZacEf8AoDuDx4NGQyMhGxG71NzkN,184.26762,EPjFWdd5AufqSSqeM2qN1xzybapC8G4wEGGkZwyTDt1v,5000,True
41JxgdF9wwc6oe5SwMquQfCNna48mZypF9FXYWF96JmCsVxHXcu4rTm5URzyehANdjrvSRk4nft6jtyYUDxyMG2q,2025-12-31T22:47:10,2dRR9CaNrEsHm3UqZacEf8AoDuDx4NGQyMhGxG71NzkN,Azqyr9SxHQSHS9jhbgnsbehJSsyaKSd7jSB9qUF64L4J,184.26762,EPjFWdd5AufqSSqeM2qN1xzybapC8G4wEGGkZwyTDt1v,5000,True
41JxgdF9wwc6oe5SwMquQfCNna48mZypF9FXYWF96JmCsVxHXcu4rTm5URzyehANdjrvSRk4nft6jtyYUDxyMG2q,2025-12-31T22:47:10,36ZDJq3sERpj9hKnBM5RLxmVhQ6mJQswMHwj65L1Kv5p,2dRR9CaNrEsHm3UqZacEf8AoDuDx4NGQyMhGxG71NzkN,977.942121,JUPyiwrYJFskUPiHa7hkeR8VUtAeFoSYbKedZNsDvCN,5000,True
41JxgdF9wwc6oe5SwMquQfCNna48mZypF9FXYWF96JmCsVxHXcu4rTm5URzyehANdjrvSRk4nft6jtyYUDxyMG2q,2025-12-31T22:47:10,E1mBVQyt7BHK8SaBSfME7usYxx94T4DtHEjbUpEBhZx,HHQPyn1KcR5F1ctEtu6jwfBS85kXbN5Jj1Q65jnEi6sg,1.476329798,So11111111111111111111111111111111111111112,5000,True
41JxgdF9wwc6oe5SwMquQfCNna48mZypF9FXYWF96JmCsVxHXcu4rTm5URzyehANdjrvSRk4nft6jtyYUDxyMG2q,2025-12-31T22:47:10,2dRR9CaNrEsHm3UqZacEf8AoDuDx4NGQyMhGxG71NzkN,8oJ3E12XfwVDnSrjVF7XrFNL1eYvdaNunrqJPutkZVpg,1.165225166,bSo13r4TkiE4KumL71LsHTPpL2euBYLFx6h9HP3piy1,5000,True
41JxgdF9wwc6oe5SwMquQfCNna48mZypF9FXYWF96JmCsVxHXcu4rTm5URzyehANdjrvSRk4nft6jtyYUDxyMG2q,2025-12-31T22:47:10,HHQPyn1KcR5F1ctEtu6jwfBS85kXbN5Jj1Q65jnEi6sg,2dRR9CaNrEsHm3UqZacEf8AoDuDx4NGQyMhGxG71NzkN,1.476329798,So11111111111111111111111111111111111111112,5000,True
5t19vboCjF8J9jD67pXR4sUcoWwbgMCaVmoNW6aURCW9d2VAHpmpaDpqvFGSNtK1WjEURdPrt4CgiXxXxJDqk6u,2025-12-31T22:47:10,BobjyHz717L5eiaSnCm2E8tcmb3LJbMmvh7SH4UZiBcB,GpMZbSM2GgvTKHJirzeGfMFoaZ8UR2X7F4v8vHTvxFbL,0.001499493,So11111111111111111111111111111111111111112,5000,True
5t19vboCjF8J9jD67pXR4sUcoWwbgMCaVmoNW6aURCW9d2VAHpmpaDpqvFGSNtK1WjEURdPrt4CgiXxXxJDqk6u,2025-12-31T22:47:10,GpMZbSM2GgvTKHJirzeGfMFoaZ8UR2X7F4v8vHTvxFbL,BobjyHz717L5eiaSnCm2E8tcmb3LJbMmvh7SH4UZiBcB,681.6371268,9VxExA1iRPbuLLdSJ2rB3nyBxsyLReT4aqzZBMaBaY1p,5000,True
UduBeqD8nstYPC4n7HkHX5v7hBdfLEUDSexzTyQtxwj5NbYQHJpNc9SBoz8hQRJ2pSWVtJ7PuxFUvuDpRYCbmNs,2025-12-31T22:47:10,5cU5rbxAcpaGoPyms9jKoXQX5EiZzD3DNmwzbC3qE8Sd,7hZQ3QmsocJJLuHrw39R9XqZNzt4BmBBNVNSnvJExtqA,100,EPjFWdd5AufqSSqeM2qN1xzybapC8G4wEGGkZwyTDt1v,5002,True
UduBeqD8nstYPC4n7HkHX5v7hBdfLEUDSexzTyQtxwj5NbYQHJpNc9SBoz8hQRJ2pSWVtJ7PuxFUvuDpRYCbmNs,2025-12-31T22:47:10,7hZQ3QmsocJJLuHrw39R9XqZNzt4BmBBNVNSnvJExtqA,5cU5rbxAcpaGoPyms9jKoXQX5EiZzD3DNmwzbC3qE8Sd,100.050009,USD1ttGY1N17NEEHLmELoaybftRBUSErhqYiQzvEmuB,5002,True
UduBeqD8nstYPC4n7HkHX5v7hBdfLEUDSexzTyQtxwj5NbYQHJpNc9SBoz8hQRJ2pSWVtJ7PuxFUvuDpRYCbmNs,2025-12-31T22:47:10,5cU5rbxAcpaGoPyms9jKoXQX5EiZzD3DNmwzbC3qE8Sd,G8LqPHYAMcwP14CDgk9XsV9VdwpsW3aJ59VubwnyrJVr,100.050009,USD1ttGY1N17NEEHLmELoaybftRBUSErhqYiQzvEmuB,5002,True
UduBeqD8nstYPC4n7HkHX5v7hBdfLEUDSexzTyQtxwj5NbYQHJpNc9SBoz8hQRJ2pSWVtJ7PuxFUvuDpRYCbmNs,2025-12-31T22:47:10,G8LqPHYAMcwP14CDgk9XsV9VdwpsW3aJ59VubwnyrJVr,5cU5rbxAcpaGoPyms9jKoXQX5EiZzD3DNmwzbC3qE8Sd,0.801046177,So11111111111111111111111111111111111111112,5002,True
UduBeqD8nstYPC4n7HkHX5v7hBdfLEUDSexzTyQtxwj5NbYQHJpNc9SBoz8hQRJ2pSWVtJ7PuxFUvuDpRYCbmNs,2025-12-31T22:47:10,5cU5rbxAcpaGoPyms9jKoXQX5EiZzD3DNmwzbC3qE8Sd,4ynTYgJK5ruYx3AZMRjCHrJk1qkm61fePF7dkbvRQD46,0.801046177,So11111111111111111111111111111111111111112,5002,True
UduBeqD8nstYPC4n7HkHX5v7hBdfLEUDSexzTyQtxwj5NbYQHJpNc9SBoz8hQRJ2pSWVtJ7PuxFUvuDpRYCbmNs,2025-12-31T22:47:10,4ynTYgJK5ruYx3AZMRjCHrJk1qkm61fePF7dkbvRQD46,5cU5rbxAcpaGoPyms9jKoXQX5EiZzD3DNmwzbC3qE8Sd,100.007454,EPjFWdd5AufqSSqeM2qN1xzybapC8G4wEGGkZwyTDt1v,5002,True
4RWJTD8ZbbVDecmejY6RjpSVCRYp45sLrGuf3aqdKRboVAL7r2TmHjjbsG4AcDQT5khYmjrpQCR6WRuXe9SE1mc2,2025-12-31T22:47:10,HLnpSz9h2S4hiLQ43rnSD9XkcUThA7B8hQMKmDaiTLcC,TorfsXvoFrmjt3LDL35VhLgzNcL7YXsz1ikSW749PaP,0.417021599,So11111111111111111111111111111111111111112,5000,True
4RWJTD8ZbbVDecmejY6RjpSVCRYp45sLrGuf3aqdKRboVAL7r2TmHjjbsG4AcDQT5khYmjrpQCR6WRuXe9SE1mc2,2025-12-31T22:47:10,TorfsXvoFrmjt3LDL35VhLgzNcL7YXsz1ikSW749PaP,HLnpSz9h2S4hiLQ43rnSD9XkcUThA7B8hQMKmDaiTLcC,70.89545,D2fXqSd4om193CVGDjKiDG1AM6bbbos3hrHY9joyCnpU,5000,True
5iRoKLwLpeS5zXWVUUJ2BAVJaLeNu13EaV6ygwvWFNdvZb7vpkarfDfmuVoTTvLufH3jEWUsRc47GXSk2ANRUkQk,2025-12-31T22:47:10,FoELiNJnQytMuDhkiW9PuKkfDx6EZDScostdQWKr8oJJ,HLnpSz9h2S4hiLQ43rnSD9XkcUThA7B8hQMKmDaiTLcC,0.187845024,So11111111111111111111111111111111111111112,5000,True
5iRoKLwLpeS5zXWVUUJ2BAVJaLeNu13EaV6ygwvWFNdvZb7vpkarfDfmuVoTTvLufH3jEWUsRc47GXSk2ANRUkQk,2025-12-31T22:47:10,HLnpSz9h2S4hiLQ43rnSD9XkcUThA7B8hQMKmDaiTLcC,FoELiNJnQytMuDhkiW9PuKkfDx6EZDScostdQWKr8oJJ,609861.055714,GQdWTDNcYwW2nHoYrtQpg3kTG35x4Dp5AiykzijTg244,5000,True
pL81XqXTj7Ha9jEVKnCb8ab4b2oLw3QpvS2r66R6JY1xWYPjLdPQVNHr436bohbJeCvcLCyCvT3mFrR1B6MD9Ph,2025-12-31T22:47:10,5oPD6j6nTmNiHkKYu5rQbaMbb6AvAYFx78PEZ2w13JkE,HLnpSz9h2S4hiLQ43rnSD9XkcUThA7B8hQMKmDaiTLcC,0.685343846,So11111111111111111111111111111111111111112,5000,True
pL81XqXTj7Ha9jEVKnCb8ab4b2oLw3QpvS2r66R6JY1xWYPjLdPQVNHr436bohbJeCvcLCyCvT3mFrR1B6MD9Ph,2025-12-31T22:47:10,HLnpSz9h2S4hiLQ43rnSD9XkcUThA7B8hQMKmDaiTLcC,5oPD6j6nTmNiHkKYu5rQbaMbb6AvAYFx78PEZ2w13JkE,148.839157,7kd3L7Fn6TbxXugnF736hX4KSMvWjn3q8LMZ1NCBmvJB,5000,True
5JsbbejgcjaKtgTVEwPxpCvJ1u4zSk6wG6DXK9S16uFp5BcKHkkyPkQvpicCse5ZjhXsJzaTj6wwUyeEiFKDZn8b,2025-12-31T22:47:10,5cU5rbxAcpaGoPyms9jKoXQX5EiZzD3DNmwzbC3qE8Sd,7XFiNgEcwiUUKw4GadjHv87kGSef3RKqh4TYmnkErtmB,0.00228174,cbbtcf3aa214zXHbiAZQwf4122FBYbraNdFqgw4iMij,5033,True
5JsbbejgcjaKtgTVEwPxpCvJ1u4zSk6wG6DXK9S16uFp5BcKHkkyPkQvpicCse5ZjhXsJzaTj6wwUyeEiFKDZn8b,2025-12-31T22:47:10,7XFiNgEcwiUUKw4GadjHv87kGSef3RKqh4TYmnkErtmB,5cU5rbxAcpaGoPyms9jKoXQX5EiZzD3DNmwzbC3qE8Sd,44.201163,27G8MtK7VtTcCHkpASjSDdkWWYfoqT6ggEuKidVJidD4,5033,True
5JsbbejgcjaKtgTVEwPxpCvJ1u4zSk6wG6DXK9S16uFp5BcKHkkyPkQvpicCse5ZjhXsJzaTj6wwUyeEiFKDZn8b,2025-12-31T22:47:10,5cU5rbxAcpaGoPyms9jKoXQX5EiZzD3DNmwzbC3qE8Sd,9hFbZixs3PPkaXsiJWicfVxPpuUWYa74giXjwuipwHR4,200,EPjFWdd5AufqSSqeM2qN1xzybapC8G4wEGGkZwyTDt1v,5033,True
5JsbbejgcjaKtgTVEwPxpCvJ1u4zSk6wG6DXK9S16uFp5BcKHkkyPkQvpicCse5ZjhXsJzaTj6wwUyeEiFKDZn8b,2025-12-31T22:47:10,9hFbZixs3PPkaXsiJWicfVxPpuUWYa74giXjwuipwHR4,5cU5rbxAcpaGoPyms9jKoXQX5EiZzD3DNmwzbC3qE8Sd,0.00228174,cbbtcf3aa214zXHbiAZQwf4122FBYbraNdFqgw4iMij,5033,True
5JsbbejgcjaKtgTVEwPxpCvJ1u4zSk6wG6DXK9S16uFp5BcKHkkyPkQvpicCse5ZjhXsJzaTj6wwUyeEiFKDZn8b,2025-12-31T22:47:10,5cU5rbxAcpaGoPyms9jKoXQX5EiZzD3DNmwzbC3qE8Sd,6a3m2EgFFKfsFuQtP4LJJXPcAe3TQYXNyHUjjZpUxYgd,44.201163,27G8MtK7VtTcCHkpASjSDdkWWYfoqT6ggEuKidVJidD4,5033,True
5JsbbejgcjaKtgTVEwPxpCvJ1u4zSk6wG6DXK9S16uFp5BcKHkkyPkQvpicCse5ZjhXsJzaTj6wwUyeEiFKDZn8b,2025-12-31T22:47:10,6a3m2EgFFKfsFuQtP4LJJXPcAe3TQYXNyHUjjZpUxYgd,5cU5rbxAcpaGoPyms9jKoXQX5EiZzD3DNmwzbC3qE8Sd,1.602097093,So11111111111111111111111111111111111111112,5033,True
5JsbbejgcjaKtgTVEwPxpCvJ1u4zSk6wG6DXK9S16uFp5BcKHkkyPkQvpicCse5ZjhXsJzaTj6wwUyeEiFKDZn8b,2025-12-31T22:47:10,5cU5rbxAcpaGoPyms9jKoXQX5EiZzD3DNmwzbC3qE8Sd,4uWuh9fC7rrZKrN8ZdJf69MN1e2S7FPpMqcsyY1aof6K,1.602097093,So11111111111111111111111111111111111111112,5033,True
5JsbbejgcjaKtgTVEwPxpCvJ1u4zSk6wG6DXK9S16uFp5BcKHkkyPkQvpicCse5ZjhXsJzaTj6wwUyeEiFKDZn8b,2025-12-31T22:47:10,4uWuh9fC7rrZKrN8ZdJf69MN1e2S7FPpMqcsyY1aof6K,5cU5rbxAcpaGoPyms9jKoXQX5EiZzD3DNmwzbC3qE8Sd,200.013856,EPjFWdd5AufqSSqeM2qN1xzybapC8G4wEGGkZwyTDt1v,5033,True
LjfiZx7yr4STWKuTrJe84cmQgnd4htEw2yHvtksq8gifj6Je4GfenEUduvVgHcPgfJGELNdcrvkDUELen7MBCPw,2025-12-31T22:47:10,4uJnSSfkk1Hws9HtjsK4cHJB1tY5LTyuCH1gwfS8hucg,J3rkyq7nQsNBwqGnqZtXEm2M9tuuuRrqKKjXqkvhuUkc,0.367567533,So11111111111111111111111111111111111111112,5000,True
LjfiZx7yr4STWKuTrJe84cmQgnd4htEw2yHvtksq8gifj6Je4GfenEUduvVgHcPgfJGELNdcrvkDUELen7MBCPw,2025-12-31T22:47:10,4uJnSSfkk1Hws9HtjsK4cHJB1tY5LTyuCH1gwfS8hucg,9rPYyANsfQZw3DnDmKE3YCQF5E8oD89UXoHn9JFEhJUz,0.000184337,So11111111111111111111111111111111111111112,5000,True
LjfiZx7yr4STWKuTrJe84cmQgnd4htEw2yHvtksq8gifj6Je4GfenEUduvVgHcPgfJGELNdcrvkDUELen7MBCPw,2025-12-31T22:47:10,4uJnSSfkk1Hws9HtjsK4cHJB1tY5LTyuCH1gwfS8hucg,2aqAfeWPbjovuQom7PS8B6ThtATX2YNBKh74NXA494uN,0.000184337,So11111111111111111111111111111111111111112,5000,True
LjfiZx7yr4STWKuTrJe84cmQgnd4htEw2yHvtksq8gifj6Je4GfenEUduvVgHcPgfJGELNdcrvkDUELen7MBCPw,2025-12-31T22:47:10,J3rkyq7nQsNBwqGnqZtXEm2M9tuuuRrqKKjXqkvhuUkc,4uJnSSfkk1Hws9HtjsK4cHJB1tY5LTyuCH1gwfS8hucg,2752,A3r3fYcJSbBXru7uUonADVKhqoGnMcopCSf7j2kRpump,5000,True
45LKjkmhTZJEeLQLUzTFwYTT3DHMUayXE7cBKA9fYvtSazYRsnmKFbxx91Myu6zA9Gbk6rhNFGmpMjaQZG6q8VPe,2025-12-31T22:47:10,HjM7LJ6fJfxQZRSvPM9u4F9hQiZP2NJGMCy6UYfxdqpx,GpMZbSM2GgvTKHJirzeGfMFoaZ8UR2X7F4v8vHTvxFbL,1e-05,So11111111111111111111111111111111111111112,10000,True
45LKjkmhTZJEeLQLUzTFwYTT3DHMUayXE7cBKA9fYvtSazYRsnmKFbxx91Myu6zA9Gbk6rhNFGmpMjaQZG6q8VPe,2025-12-31T22:47:10,GpMZbSM2GgvTKHJirzeGfMFoaZ8UR2X7F4v8vHTvxFbL,HjM7LJ6fJfxQZRSvPM9u4F9hQiZP2NJGMCy6UYfxdqpx,0.780467,GpdRNotihwXZJ3z3y6yCRAhecFrALc4J8SX92pxnbonk,10000,True
45LKjkmhTZJEeLQLUzTFwYTT3DHMUayXE7cBKA9fYvtSazYRsnmKFbxx91Myu6zA9Gbk6rhNFGmpMjaQZG6q8VPe,2025-12-31T22:47:10,HjM7LJ6fJfxQZRSvPM9u4F9hQiZP2NJGMCy6UYfxdqpx,GpMZbSM2GgvTKHJirzeGfMFoaZ8UR2X7F4v8vHTvxFbL,0.390045,GpdRNotihwXZJ3z3y6yCRAhecFrALc4J8SX92pxnbonk,10000,True
45LKjkmhTZJEeLQLUzTFwYTT3DHMUayXE7cBKA9fYvtSazYRsnmKFbxx91Myu6zA9Gbk6rhNFGmpMjaQZG6q8VPe,2025-12-31T22:47:10,GpMZbSM2GgvTKHJirzeGfMFoaZ8UR2X7F4v8vHTvxFbL,HjM7LJ6fJfxQZRSvPM9u4F9hQiZP2NJGMCy6UYfxdqpx,4.972e-06,So11111111111111111111111111111111111111112,10000,True
3ZASZSjMR9UTpnLuJ4AC8ThPonY3kdNJeddFKZkxrppsbUtaSXURZDdmihJEPBeQpYFATBUj6sG6yv5jpcVJLmvK,2025-12-31T22:47:10,HjM7LJ6fJfxQZRSvPM9u4F9hQiZP2NJGMCy6UYfxdqpx,GpMZbSM2GgvTKHJirzeGfMFoaZ8UR2X7F4v8vHTvxFbL,1e-05,So11111111111111111111111111111111111111112,10000,True
3ZASZSjMR9UTpnLuJ4AC8ThPonY3kdNJeddFKZkxrppsbUtaSXURZDdmihJEPBeQpYFATBUj6sG6yv5jpcVJLmvK,2025-12-31T22:47:10,GpMZbSM2GgvTKHJirzeGfMFoaZ8UR2X7F4v8vHTvxFbL,HjM7LJ6fJfxQZRSvPM9u4F9hQiZP2NJGMCy6UYfxdqpx,0.780467,GpdRNotihwXZJ3z3y6yCRAhecFrALc4J8SX92pxnbonk,10000,True
3ZASZSjMR9UTpnLuJ4AC8ThPonY3kdNJeddFKZkxrppsbUtaSXURZDdmihJEPBeQpYFATBUj6sG6yv5jpcVJLmvK,2025-12-31T22:47:10,HjM7LJ6fJfxQZRSvPM9u4F9hQiZP2NJGMCy6UYfxdqpx,GpMZbSM2GgvTKHJirzeGfMFoaZ8UR2X7F4v8vHTvxFbL,0.390045,GpdRNotihwXZJ3z3y6yCRAhecFrALc4J8SX92pxnbonk,10000,True
3ZASZSjMR9UTpnLuJ4AC8ThPonY3kdNJeddFKZkxrppsbUtaSXURZDdmihJEPBeQpYFATBUj6sG6yv5jpcVJLmvK,2025-12-31T22:47:10,GpMZbSM2GgvTKHJirzeGfMFoaZ8UR2X7F4v8vHTvxFbL,HjM7LJ6fJfxQZRSvPM9u4F9hQiZP2NJGMCy6UYfxdqpx,4.972e-06,So11111111111111111111111111111111111111112,10000,True
2h9aHo1A4k4Epv66pxA3BYJLM2CT4hCfnzfnDtNX9t6sxnsWCEXqaBVEtfZoqYDkdX64uBf95QikcG2pbeYPnFJm,2025-12-31T22:47:10,HjM7LJ6fJfxQZRSvPM9u4F9hQiZP2NJGMCy6UYfxdqpx,GpMZbSM2GgvTKHJirzeGfMFoaZ8UR2X7F4v8vHTvxFbL,1e-05,So11111111111111111111111111111111111111112,10000,True
2h9aHo1A4k4Epv66pxA3BYJLM2CT4hCfnzfnDtNX9t6sxnsWCEXqaBVEtfZoqYDkdX64uBf95QikcG2pbeYPnFJm,2025-12-31T22:47:10,GpMZbSM2GgvTKHJirzeGfMFoaZ8UR2X7F4v8vHTvxFbL,HjM7LJ6fJfxQZRSvPM9u4F9hQiZP2NJGMCy6UYfxdqpx,0.780467,GpdRNotihwXZJ3z3y6yCRAhecFrALc4J8SX92pxnbonk,10000,True
2h9aHo1A4k4Epv66pxA3BYJLM2CT4hCfnzfnDtNX9t6sxnsWCEXqaBVEtfZoqYDkdX64uBf95QikcG2pbeYPnFJm,2025-12-31T22:47:10,HjM7LJ6fJfxQZRSvPM9u4F9hQiZP2NJGMCy6UYfxdqpx,GpMZbSM2GgvTKHJirzeGfMFoaZ8UR2X7F4v8vHTvxFbL,0.390045,GpdRNotihwXZJ3z3y6yCRAhecFrALc4J8SX92pxnbonk,10000,True
2h9aHo1A4k4Epv66pxA3BYJLM2CT4hCfnzfnDtNX9t6sxnsWCEXqaBVEtfZoqYDkdX64uBf95QikcG2pbeYPnFJm,2025-12-31T22:47:10,GpMZbSM2GgvTKHJirzeGfMFoaZ8UR2X7F4v8vHTvxFbL,HjM7LJ6fJfxQZRSvPM9u4F9hQiZP2NJGMCy6UYfxdqpx,4.972e-06,So11111111111111111111111111111111111111112,10000,True
AGTjGFVkkw44eCUxGs83ttijaGXuzdShH4yWaQvftSuoZRueKgniSxRiJput5yBxZ7Hn5ZJXr8uJzY3k5NLtVKy,2025-12-31T22:47:10,Btbs9CkrQgmrN5pVZAXt8k4GAFf6nBysksU6YEtYu3xP,huzzAV3CybVCPpkALcEeGiHXpaFUvK1XBGEGAMCRHQN,5.71125192,So11111111111111111111111111111111111111112,12600,True
AGTjGFVkkw44eCUxGs83ttijaGXuzdShH4yWaQvftSuoZRueKgniSxRiJput5yBxZ7Hn5ZJXr8uJzY3k5NLtVKy,2025-12-31T22:47:10,huzzAV3CybVCPpkALcEeGiHXpaFUvK1XBGEGAMCRHQN,Btbs9CkrQgmrN5pVZAXt8k4GAFf6nBysksU6YEtYu3xP,12973614.751407,G4psyZR8UyFA4Fw9SyTnmNJF5oSLUbb4PKAadhtuFPii,12600,True
AGTjGFVkkw44eCUxGs83ttijaGXuzdShH4yWaQvftSuoZRueKgniSxRiJput5yBxZ7Hn5ZJXr8uJzY3k5NLtVKy,2025-12-31T22:47:10,huzzAV3CybVCPpkALcEeGiHXpaFUvK1XBGEGAMCRHQN,JCRGumoE9Qi5BBgULTgdgTLjSgkCMSbF62ZZfGs84JeU,6506.326355,G4psyZR8UyFA4Fw9SyTnmNJF5oSLUbb4PKAadhtuFPii,12600,True
AGTjGFVkkw44eCUxGs83ttijaGXuzdShH4yWaQvftSuoZRueKgniSxRiJput5yBxZ7Hn5ZJXr8uJzY3k5NLtVKy,2025-12-31T22:47:10,huzzAV3CybVCPpkALcEeGiHXpaFUvK1XBGEGAMCRHQN,9fbDw71FgZKpKDMEj8Sx9QUbmyNHRb7CWE3D4q6He1Tx,5.799633042,So11111111111111111111111111111111111111112,12600,True
AGTjGFVkkw44eCUxGs83ttijaGXuzdShH4yWaQvftSuoZRueKgniSxRiJput5yBxZ7Hn5ZJXr8uJzY3k5NLtVKy,2025-12-31T22:47:10,9fbDw71FgZKpKDMEj8Sx9QUbmyNHRb7CWE3D4q6He1Tx,huzzAV3CybVCPpkALcEeGiHXpaFUvK1XBGEGAMCRHQN,13250799.785908,G4psyZR8UyFA4Fw9SyTnmNJF5oSLUbb4PKAadhtuFPii,12600,True
AGTjGFVkkw44eCUxGs83ttijaGXuzdShH4yWaQvftSuoZRueKgniSxRiJput5yBxZ7Hn5ZJXr8uJzY3k5NLtVKy,2025-12-31T22:47:10,9fbDw71FgZKpKDMEj8Sx9QUbmyNHRb7CWE3D4q6He1Tx,JCRGumoE9Qi5BBgULTgdgTLjSgkCMSbF62ZZfGs84JeU,6608.877699,G4psyZR8UyFA4Fw9SyTnmNJF5oSLUbb4PKAadhtuFPii,12600,True
dA8eqc73Ek2fQcNkwNR8xhRz6EYCVH4FhNVDRVhFaqYnptXC5UD45DDrozWB5F1v3sXYSUFbCmzhoZLgaHfnCs3,2025-12-31T22:47:10,Gh4tdJhLP1s55xGfghHHvPNPPrNtaDjc6dzZJ374DGHJ,HLnpSz9h2S4hiLQ43rnSD9XkcUThA7B8hQMKmDaiTLcC,0.088389403,So11111111111111111111111111111111111111112,5000,True
dA8eqc73Ek2fQcNkwNR8xhRz6EYCVH4FhNVDRVhFaqYnptXC5UD45DDrozWB5F1v3sXYSUFbCmzhoZLgaHfnCs3,2025-12-31T22:47:10,HLnpSz9h2S4hiLQ43rnSD9XkcUThA7B8hQMKmDaiTLcC,Gh4tdJhLP1s55xGfghHHvPNPPrNtaDjc6dzZJ374DGHJ,4.27328,HSK4TBvJdFz8r7FqQQN5DFzjUgWJoFTeyceZPPQZ7box,5000,True
5jB9C8ei4YQtMNkMzjPxNKaaLHXtG2rJxARiU62Cwz8FGBjXAuvcgxbqVpn83qTfK9D7PKA65giTjpjCjoFH9MpG,2025-12-31T22:47:10,3SR86RRbkwrvZxKyNavNnWzfUpCbhb91djVghB8Z2XXZ,HLnpSz9h2S4hiLQ43rnSD9XkcUThA7B8hQMKmDaiTLcC,3.631396878,So11111111111111111111111111111111111111112,11700,True
5jB9C8ei4YQtMNkMzjPxNKaaLHXtG2rJxARiU62Cwz8FGBjXAuvcgxbqVpn83qTfK9D7PKA65giTjpjCjoFH9MpG,2025-12-31T22:47:10,HLnpSz9h2S4hiLQ43rnSD9XkcUThA7B8hQMKmDaiTLcC,3SR86RRbkwrvZxKyNavNnWzfUpCbhb91djVghB8Z2XXZ,3192366.791696,HKGHFr7EQnWWLX2XX9iPwYyz3mPaNvpsoaiv246wsj3G,11700,True
5jB9C8ei4YQtMNkMzjPxNKaaLHXtG2rJxARiU62Cwz8FGBjXAuvcgxbqVpn83qTfK9D7PKA65giTjpjCjoFH9MpG,2025-12-31T22:47:10,JDnnfPmKVqrhLbqDtE1TRvWZ6FPUayKLScW6TxUyBDaz,HLnpSz9h2S4hiLQ43rnSD9XkcUThA7B8hQMKmDaiTLcC,3385634.422759,HKGHFr7EQnWWLX2XX9iPwYyz3mPaNvpsoaiv246wsj3G,11700,True
5jB9C8ei4YQtMNkMzjPxNKaaLHXtG2rJxARiU62Cwz8FGBjXAuvcgxbqVpn83qTfK9D7PKA65giTjpjCjoFH9MpG,2025-12-31T22:47:10,HLnpSz9h2S4hiLQ43rnSD9XkcUThA7B8hQMKmDaiTLcC,JDnnfPmKVqrhLbqDtE1TRvWZ6FPUayKLScW6TxUyBDaz,3.830318005,So11111111111111111111111111111111111111112,11700,True
55Kgzf3vKht3SaNhpcWSjVZnidYPs82BUKuaBEBvy8Hw7YMY9pbLgwGAQkoLXZPfVbhWAe32TWMFcujKJJMC6ePX,2025-12-31T22:47:10,CTs4iC844eyyPewzqB8a4MkK9Mz2eSRz9ds1wypNpdsW,HLnpSz9h2S4hiLQ43rnSD9XkcUThA7B8hQMKmDaiTLcC,0.120639735,So11111111111111111111111111111111111111112,7000,True
55Kgzf3vKht3SaNhpcWSjVZnidYPs82BUKuaBEBvy8Hw7YMY9pbLgwGAQkoLXZPfVbhWAe32TWMFcujKJJMC6ePX,2025-12-31T22:47:10,HLnpSz9h2S4hiLQ43rnSD9XkcUThA7B8hQMKmDaiTLcC,CTs4iC844eyyPewzqB8a4MkK9Mz2eSRz9ds1wypNpdsW,10366.882895,51CPTJDSV2zXUyoujAPn4o9aQCeac91R9qmxGFvS6Tfw,7000,True
34pFUVit7nYfB1Rc46aLSLaeG5HzqwWER8mde55957UGnxrorGfdg1ji3UPWaU3SY8fUsz1REN5htjHQ5pqXFq3B,2025-12-31T22:47:10,7pVmDAbeKgUwfbLdSGNeAkbZ8S8EUKDML82c5wVtZ1eq,3kMpt93yw4WFXMd7cy9gCh7QhZ1AiSBkdbwdnEj2Wzhe,8.36,So11111111111111111111111111111111111111112,6700,True
34pFUVit7nYfB1Rc46aLSLaeG5HzqwWER8mde55957UGnxrorGfdg1ji3UPWaU3SY8fUsz1REN5htjHQ5pqXFq3B,2025-12-31T22:47:10,3kMpt93yw4WFXMd7cy9gCh7QhZ1AiSBkdbwdnEj2Wzhe,7pVmDAbeKgUwfbLdSGNeAkbZ8S8EUKDML82c5wVtZ1eq,4633393.186588,DTdDRVjomj5e6MGdE74U4TiUXvWpwqDKfYLKhBYcVsPg,6700,True
3dn94ojNaNKsaMTXRBY8q6Kj87f2wMLtvfM95aXwvF8Uu79xMbaZfadJRd2gXWSiqfPgfpR6YXpzeHgwnBvhZWUq,2025-12-31T22:47:10,Hf12ABwDWnhUFNSJ7jGo5AKyCLXrQ8SgH6oGEei1v1QN,Cx6WqD4ViGZArdA3nPcneNBJxECftm36CZbtdb7jw9gP,0.701468802,So11111111111111111111111111111111111111112,17613,True
3dn94ojNaNKsaMTXRBY8q6Kj87f2wMLtvfM95aXwvF8Uu79xMbaZfadJRd2gXWSiqfPgfpR6YXpzeHgwnBvhZWUq,2025-12-31T22:47:10,Hf12ABwDWnhUFNSJ7jGo5AKyCLXrQ8SgH6oGEei1v1QN,Cx6WqD4ViGZArdA3nPcneNBJxECftm36CZbtdb7jw9gP,421365.364808,iotEVVZLEywoTn1QdwNPddxPWszn3zFhEot3MfL9fns,17613,True
4BiUKHSSB3zsB7Nd59oiUkDLrUQELFP5SGcF6CUV8jXbAyPTA1Qe3ZpaoB98haWrszN49SgWx6YHAzXY93tnMcuC,2025-12-31T22:47:10,GBuGqWnhu1MHjRFq23TpVqVtATfENjgbZrSH2uEQSyyK,2EH9Z2FXG8qwDjyTiCdb5wcHa851HCXgzPxFiVgbcjPc,0.374331769,So11111111111111111111111111111111111111112,5000,True
4BiUKHSSB3zsB7Nd59oiUkDLrUQELFP5SGcF6CUV8jXbAyPTA1Qe3ZpaoB98haWrszN49SgWx6YHAzXY93tnMcuC,2025-12-31T22:47:10,2EH9Z2FXG8qwDjyTiCdb5wcHa851HCXgzPxFiVgbcjPc,GBuGqWnhu1MHjRFq23TpVqVtATfENjgbZrSH2uEQSyyK,17737.330621,ACj4wPoP7QJUQvEaRRmqyFfUJusuwpTzJbNNRsDjnHRf,5000,True
5P41CgkG8d8EMSYoKRHEKNkTCv2cQzZb5ohbcnYh7Y2nsPMCRrxid92LrBwD3xPzi3siGn8eVqYzhQM2BAKFkyh6,2025-12-31T22:47:10,Gs54nUbYRMPwscKpgaJX1zavKQWQdkAn6FfWdNb6P5JT,2EH9Z2FXG8qwDjyTiCdb5wcHa851HCXgzPxFiVgbcjPc,34.040509142,So11111111111111111111111111111111111111112,5000,True
5P41CgkG8d8EMSYoKRHEKNkTCv2cQzZb5ohbcnYh7Y2nsPMCRrxid92LrBwD3xPzi3siGn8eVqYzhQM2BAKFkyh6,2025-12-31T22:47:10,2EH9Z2FXG8qwDjyTiCdb5wcHa851HCXgzPxFiVgbcjPc,Gs54nUbYRMPwscKpgaJX1zavKQWQdkAn6FfWdNb6P5JT,1763016.47022,ACj4wPoP7QJUQvEaRRmqyFfUJusuwpTzJbNNRsDjnHRf,5000,True
3BDKmKgJH7UHK1cdyehwPgc4T4GcYkQt4EABKrq6TGforVfXDcWsYFpBC9w25AXoMZ9RubcRbE5QZSt1N4RxhpC4,2025-12-31T22:47:10,Gb24Mcfb9EF5kiMo2gfDRV4j5hJCgKn6YMU3f4Utpva,2EH9Z2FXG8qwDjyTiCdb5wcHa851HCXgzPxFiVgbcjPc,11.80321156,So11111111111111111111111111111111111111112,5000,True
3BDKmKgJH7UHK1cdyehwPgc4T4GcYkQt4EABKrq6TGforVfXDcWsYFpBC9w25AXoMZ9RubcRbE5QZSt1N4RxhpC4,2025-12-31T22:47:10,2EH9Z2FXG8qwDjyTiCdb5wcHa851HCXgzPxFiVgbcjPc,Gb24Mcfb9EF5kiMo2gfDRV4j5hJCgKn6YMU3f4Utpva,689554.186322,ACj4wPoP7QJUQvEaRRmqyFfUJusuwpTzJbNNRsDjnHRf,5000,True
44M6pKXTGWLb1gs2SkxAChyEJqe3GmPMu6YT3AfDPKWApb2stxBytqkwvYsyuwodQT3q1kbAvCnEMsHcusE9Pd2k,2025-12-31T22:47:10,7TXtWVAzH1HaLKsp3YvLWPbsLx4JjBRGbdaUsYbENdQk,2EH9Z2FXG8qwDjyTiCdb5wcHa851HCXgzPxFiVgbcjPc,2474929.09758,ACj4wPoP7QJUQvEaRRmqyFfUJusuwpTzJbNNRsDjnHRf,5000,True
44M6pKXTGWLb1gs2SkxAChyEJqe3GmPMu6YT3AfDPKWApb2stxBytqkwvYsyuwodQT3q1kbAvCnEMsHcusE9Pd2k,2025-12-31T22:47:10,2EH9Z2FXG8qwDjyTiCdb5wcHa851HCXgzPxFiVgbcjPc,7TXtWVAzH1HaLKsp3YvLWPbsLx4JjBRGbdaUsYbENdQk,46.305829655,So11111111111111111111111111111111111111112,5000,True
uo6qYi53QmhUHJE2cC2qky64TR5x4u3H9EZ5TMCsL5tew7KTbzcrYaqJJ7T5SpD9wtV28H8knfYNUcdqWas56fL,2025-12-31T22:47:10,5Zm6GraYjpaNCoAnTpWThxzynVZvPM8DdcVvyK9vecKT,4ynTYgJK5ruYx3AZMRjCHrJk1qkm61fePF7dkbvRQD46,3.441201732,So11111111111111111111111111111111111111112,11306,True
uo6qYi53QmhUHJE2cC2qky64TR5x4u3H9EZ5TMCsL5tew7KTbzcrYaqJJ7T5SpD9wtV28H8knfYNUcdqWas56fL,2025-12-31T22:47:10,4ynTYgJK5ruYx3AZMRjCHrJk1qkm61fePF7dkbvRQD46,5Zm6GraYjpaNCoAnTpWThxzynVZvPM8DdcVvyK9vecKT,429.61932,EPjFWdd5AufqSSqeM2qN1xzybapC8G4wEGGkZwyTDt1v,11306,True
uo6qYi53QmhUHJE2cC2qky64TR5x4u3H9EZ5TMCsL5tew7KTbzcrYaqJJ7T5SpD9wtV28H8knfYNUcdqWas56fL,2025-12-31T22:47:10,5Zm6GraYjpaNCoAnTpWThxzynVZvPM8DdcVvyK9vecKT,EZAzVScHjYXpmSDkW4AmejWWQsXig6U7njyzaSZpxQNd,429.61932,EPjFWdd5AufqSSqeM2qN1xzybapC8G4wEGGkZwyTDt1v,11306,True
uo6qYi53QmhUHJE2cC2qky64TR5x4u3H9EZ5TMCsL5tew7KTbzcrYaqJJ7T5SpD9wtV28H8knfYNUcdqWas56fL,2025-12-31T22:47:10,EZAzVScHjYXpmSDkW4AmejWWQsXig6U7njyzaSZpxQNd,5Zm6GraYjpaNCoAnTpWThxzynVZvPM8DdcVvyK9vecKT,0.14449177,7vfCXTUXx5WJV5JADk17DUJ4ksgau7utNKj4b963voxs,11306,True
uo6qYi53QmhUHJE2cC2qky64TR5x4u3H9EZ5TMCsL5tew7KTbzcrYaqJJ7T5SpD9wtV28H8knfYNUcdqWas56fL,2025-12-31T22:47:10,5Zm6GraYjpaNCoAnTpWThxzynVZvPM8DdcVvyK9vecKT,HktfL7iwGKT5QHjywQkcDnZXScoh811k7akrMZJkCcEF,0.14449177,7vfCXTUXx5WJV5JADk17DUJ4ksgau7utNKj4b963voxs,11306,True
uo6qYi53QmhUHJE2cC2qky64TR5x4u3H9EZ5TMCsL5tew7KTbzcrYaqJJ7T5SpD9wtV28H8knfYNUcdqWas56fL,2025-12-31T22:47:10,HktfL7iwGKT5QHjywQkcDnZXScoh811k7akrMZJkCcEF,5Zm6GraYjpaNCoAnTpWThxzynVZvPM8DdcVvyK9vecKT,3.441477723,So11111111111111111111111111111111111111112,11306,True
